Family,Snake genus
Viperidae,Agkistrodon
Viperidae,Agkistrodon
Viperidae,Agkistrodon
Viperidae,Agkistrodon
Viperidae,Agkistrodon
Viperidae,Agkistrodon
Viperidae,Agkistrodon
Viperidae,Agkistrodon
Viperidae,Agkistrodon
Viperidae,Agkistrodon
Viperidae,Agkistrodon
Viperidae,Agkistrodon
Elapidae,Aipysurus
Viperidae,Atropoides
Viperidae,Atropoides
Elapidae,Austrelaps
Viperidae,Bitis
Viperidae,Bitis
Viperidae,Bitis
Viperidae,Bitis
Viperidae,Bitis
Viperidae,Bothriechis
Viperidae,Bothriechis
Viperidae,Bothriechis
Viperidae,Bothriechis
Viperidae,Bothriechis
Viperidae,Bothriechis
Viperidae,Bothriechis
Viperidae,Bothriechis
Viperidae,Bothriechis
Viperidae,Bothriechis
Viperidae,Bothrocophias
Viperidae,Bothrops
Viperidae,Bothrops
Viperidae,Bothrops
Viperidae,Bothrops
Viperidae,Bothrops
Viperidae,Bothrops
Viperidae,Bothrops
Viperidae,Bothrops
Viperidae,Bothrops
Viperidae,Bothrops
Viperidae,Bothrops
Viperidae,Bothrops
Viperidae,Bothrops
Viperidae,Bothrops
Viperidae,Bothrops
Viperidae,Bothrops
Viperidae,Bothrops
Viperidae,Bothrops
Viperidae,Bothrops
Viperidae,Bothrops
Viperidae,Bothrops
Viperidae,Bothrops
Viperidae,Bothrops
Viperidae,Bothrops
Viperidae,Bothrops
Viperidae,Bothrops
Viperidae,Bothrops
Viperidae,Bothrops
Viperidae,Bothrops
Viperidae,Bothrops
Viperidae,Bothrops
Viperidae,Bothrops
Viperidae,Bothrops
Viperidae,Bothrops
Viperidae,Bothrops
Viperidae,Bothrops
Viperidae,Bothrops
Viperidae,Bothrops
Viperidae,Bothrops
Viperidae,Bothrops
Viperidae,Bothrops
Viperidae,Bothrops
Viperidae,Bothrops
Viperidae,Bothrops
Viperidae,Bothrops
Viperidae,Bothrops
Viperidae,Bothrops
Viperidae,Bothrops
Viperidae,Bothrops
Viperidae,Bothrops
Viperidae,Bothrops
Viperidae,Bothrops
Viperidae,Bothrops
Viperidae,Bothrops
Elapidae,Bungarus
Elapidae,Bungarus
Elapidae,Bungarus
Elapidae,Bungarus
Elapidae,Bungarus
Viperidae,Calloselasma
Viperidae,Cerastes
Viperidae,Cerastes
Viperidae,Cerastes
Viperidae,Cerastes
Viperidae,Cerrophidion
Viperidae,Cerrophidion
Viperidae,Crotalus
Viperidae,Crotalus
Viperidae,Crotalus
Viperidae,Crotalus
Viperidae,Crotalus
Viperidae,Crotalus
Viperidae,Crotalus
Viperidae,Crotalus
Viperidae,Crotalus
Viperidae,Crotalus
Viperidae,Crotalus
Viperidae,Crotalus
Viperidae,Crotalus
Viperidae,Crotalus
Viperidae,Crotalus
Viperidae,Crotalus
Viperidae,Crotalus
Viperidae,Crotalus
Viperidae,Crotalus
Viperidae,Crotalus
Viperidae,Crotalus
Viperidae,Crotalus
Viperidae,Crotalus
Viperidae,Crotalus
Viperidae,Crotalus
Viperidae,Crotalus
Viperidae,Crotalus
Viperidae,Crotalus
Viperidae,Crotalus
Viperidae,Crotalus
Viperidae,Crotalus
Viperidae,Crotalus
Viperidae,Crotalus
Viperidae,Crotalus
Viperidae,Crotalus
Viperidae,Crotalus
Viperidae,Crotalus
Viperidae,Crotalus
Viperidae,Crotalus
Viperidae,Crotalus
Viperidae,Crotalus
Viperidae,Crotalus
Viperidae,Crotalus
Viperidae,Crotalus
Viperidae,Crotalus
Viperidae,Crotalus
Viperidae,Crotalus
Viperidae,Crotalus
Viperidae,Crotalus
Viperidae,Crotalus
Viperidae,Crotalus
Viperidae,Crotalus
Viperidae,Crotalus
Viperidae,Crotalus
Viperidae,Crotalus
Viperidae,Crotalus
Viperidae,Crotalus
Viperidae,Crotalus
Viperidae,Crotalus
Viperidae,Crotalus
Viperidae,Crotalus
Viperidae,Daboia
Viperidae,Daboia
Viperidae,Daboia
Elapidae,Dendroaspis
Elapidae,Dendroaspis
Elapidae,Drysdalia
Viperidae,Echis
Viperidae,Echis
Viperidae,Echis
Viperidae,Echis
Viperidae,Echis
Viperidae,Gloydius
Viperidae,Gloydius
Elapidae,Hydrophis
Elapidae,Hydrophis
Elapidae,Hydrophis
Viperidae,Lachesis
Viperidae,Lachesis
Viperidae,Lachesis
Viperidae,Lachesis
Viperidae,Lachesis
Viperidae,Lachesis
Viperidae,Lachesis
Elapidae,Laticauda
Viperidae,Macrovipera
Viperidae,Macrovipera
Viperidae,Macrovipera
Viperidae,Macrovipera
Viperidae,Macrovipera
Elapidae,Micropechis
Elapidae,Micrurus
Elapidae,Micrurus
Elapidae,Micrurus
Elapidae,Micrurus
Elapidae,Micrurus
Elapidae,Micrurus
Elapidae,Micrurus
Elapidae,Micrurus
Elapidae,Micrurus
Elapidae,Micrurus
Elapidae,Micrurus
Elapidae,Naja
Elapidae,Naja
Elapidae,Naja
Elapidae,Naja
Elapidae,Naja
Elapidae,Naja
Elapidae,Naja
Elapidae,Naja
Elapidae,Naja
Elapidae,Naja
Elapidae,Naja
Elapidae,Naja
Elapidae,Naja
Elapidae,Naja
Elapidae,Naja
Elapidae,Naja
Elapidae,Naja
Elapidae,Naja
Elapidae,Notechis
Elapidae,Ophiophagus
Elapidae,Oxyuranus
Elapidae,Oxyuranus
Elapidae,Pelamis
Viperidae,Porthidium
Viperidae,Porthidium
Viperidae,Porthidium
Viperidae,Protobothrops
Viperidae,Protobothrops
Viperidae,Protobothrops
Elapidae,Pseudechis
Elapidae,Pseudechis
Viperidae,Sistrurus
Viperidae,Sistrurus
Viperidae,Sistrurus
Viperidae,Sistrurus
Elapidae,Toxicocalamus
Viperidae,Trimeresurus
Viperidae,Vipera
Viperidae,Vipera
Viperidae,Vipera
Viperidae,Vipera
Viperidae,Vipera
Viperidae,Vipera
