Snake,Reference,SVMP (Snake Venom Metalloproteinase),PI-SVMP (Snake Venom Metalloproteinase-PI),PII-SVMP (Snake Venom Metalloproteinase PII),PIII-SVMP (Snake Venom Metalloproteinase PIII),SVMPi (Snake Venom Metalloproteinase inhibitor),Disintegrin,Short disintegrin,Mediumdisintegrin,Largedisintegrin,Long disintegrin,Dimeric disintegrin,CTL (C-typelectin),DC-fragment (disintegrin-like/cysteine-ichdomains of PIII-SVMP),CRISP (cysteine-rich secretory protein),3Ftx (three-finger toxin),α-NTx (α-NeuroToxin),NTx (NeuroToxin),SNTx (Short chain NeuroToxin),LNTx (Long chain NeuroToxin),WNTx (Weak Neurotoxin),PLB (Phospholipase B),PLA2 (Phospholipases A2),Acidic PLA2 (Phospholipases A2),Basic PLA2 (Phospholipases A2),K49-PLA2,D49-PLA2,Cro-toxin,SP (Serine Proteinase),SPi (Serine Proteinase inhibitor),KuTi (Kunitz-type nhibitor),KaTi (Kazal-type inhibitor),KLK (Kallikrein),LAAO (L-Amino Acid oxidase),VAP (VasoActive Peptides),BPP (Bradykinin-Potentiating Peptides),BIP (Bradykinin-Inhibitory Peptide),VEGF (Vascular Endothelial Growth Factor),CVF (Cobra Venom Factor),NP (Natriuretic Peptide),Muscarinic-toxin,Cyto-toxin,Myo-toxin,Mojave-toxin,Sarafo-toxin,Trimucro-toxin,Waprin,Navaprin,Ohanin,Oscutarin C,Cystatin,Crotamine,Vespryn,HYA (HYAluronidase),KTC (proKineTiCin),NGF (Nerve Growth Factor),ILGF-1 (insulin-like growth factor),PDE (PhosphoDiEsterases),ACHE (AcetylCHolineEsterase),NT5 (5NucleoTidase),EP (EndoPeptidase),EN (EndoNuclease),Trypsinogen,QC (Glutaminyl Cyclase),CCM (Complement Control Module),LIPA (Lysosomal Lipase A),TRF (TRansFerrin),CTT (Cytidyltransferase),ALB (ALBumins),HBG (HemoGloBins),pG peptides (polyGly peptides),pGpH peptides (Gly-His-rich peptide),beta-BTx (beta-bungarotoxin),Gal (galactose-binding lectin),Selectins,FMO (flavin monoamine oxidases),GP (glutathione peroxidase),CELF (Type-B carboxylesterases/lipases),Atragin,AMT (AminoTransferase),Aspartic protease,TBP (Toxin biosynthesis proteins),BP (Blood Proteins),KNL (Kinesin-like protein),NTP (Neurotrophin),Fibrinogenases,AP (AminoPeptidase),ChE (Cholinesterase),OLP (Ohanin like proteins),CRVP (Cysteine Rich Venom Proteine),NMG (Neuronal membrane glycoprotein),RIB (ribosomal protein),ECTONT (ecto-59-nucleotidase),Actin,Unknown peptides,Non-toxin,Unknown/Undetermined,Country,PI-SVMP (Snake Venom Metalloproteinase PI),S49-PLA2,Continent
Agkistrodon bilineatus bilineatus,https://www.ncbi.nlm.nih.gov/pubmed/24211403,24.5,0,0,0,0,3.1,0,0,0,0,0,0.9,0,0,0,0,0,0,0,0,0,42,0,0,0,0,0,16.5,0,0,0,0,4.9,0,4.6,0,0,0,0,0,0,0,0,0,0,0,0,0.5,0,0,0,0,0,0,0.5,0,0,0,0,0,0,0,0,0,0,0,0,0,0,0,0,0,0,0,0,0,0,0,0,0,0,0,0,0,0,0,0,0,0,0,0,0,0,0,0,2.5,Mexico,0,0,America
Agkistrodon bilineatus howardgloydi,https://www.ncbi.nlm.nih.gov/pubmed/24211403,30.8,0,0,0,0,2.2,0,0,0,0,0,0.4,0,0,0,0,0,0,0,0,0,40.8,0,0,0,0,0,16.9,0,0,0,0,2.6,0,5.5,0,0,0,0,0,0,0,0,0,0,0,0,0,0,0,0,0,0,0,0.2,0,0,0,0,0,0,0,0,0,0,0,0,0,0,0,0,0,0,0,0,0,0,0,0,0,0,0,0,0,0,0,0,0,0,0,0,0,0,0,0,0.6,Costa Rica,0,0,America
Agkistrodon bilineatus taylori,https://www.ncbi.nlm.nih.gov/pubmed/24211403,30.6,0,0,0,0,2.7,0,0,0,0,0,1.4,0,5.6,0,0,0,0,0,0,0,34.3,0,0,0,0,0,7.6,0,0,0,0,4.8,0,8.7,0,0,0,0,0,0,0,0,0,0,0,0,1,0,0,0,0,0,0,0,0,0,0,0,0,0,0,0,0,0,0,0,0,0,0,0,0,0,0,0,0,0,0,0,0,0,0,0,0,0,0,0,0,0,0,0,0,0,0,0,3.3,Mexico,0,0,America
Agkistrodon contortrix contortrix,https://www.ncbi.nlm.nih.gov/pubmed/24211403,32.47,0,0,0,0,1.5,0,0,0,0,0,2.4,0.1,3.7,0,0,0,0,0,0,0,31.47,0,0,0,0,0,14.29,0,0,0,0,4.4,0,6.59,0,0,0,0,0,0,0,0,0,0,0,0,0.1,0,0,0,0,0,0,0.3,0,0,0,0,0,0,0,0,0,0,0,0,0,0,0,0,0,0,0,0,0,0,0,0,0,0,0,0,0,0,0,0,0,0,0,0,0,0,0,0,2.7,Origin unknown,0,0,Origin unknown
Agkistrodon contortrix contortrix,https://www.ncbi.nlm.nih.gov/pubmed/27983581,25.26,0,0,0,0,0,0,0,0,0,0,0.77,0,1.96,0,0,0,0,0,0,0,0,14.71,36.06,0,0,0,14.72,0,0,0,0,3.97,0,0,0,0,0,0,0,0,0,0,0,0,0,0,0,0,0,0,0,0,0,0,0,0,0,0.28,0,0,0,0,0,0,0,0,0,0,0,0,0,0,0,0,0,0,0,0,0,0,0,0,0,2.28,0,0,0,0,0,0,0,0,0,0,0,USA,0,0,America
Agkistrodon contortrix laticinctus,https://www.ncbi.nlm.nih.gov/pubmed/24211403,30.6,0,0,0,0,0.8,0,0,0,0,0,1.3,0,0,0,0,0,0,0,0,0,39.2,0,0,0,0,0,14.1,0,0,0,0,4.9,0,6.8,0,0,0,0,0,0,0,0,0,0,0,0,0,0,0,0,0,0,0,0.1,0,0,0,0,0,0,0,0,0,0,0,0,0,0,0,0,0,0,0,0,0,0,0,0,0,0,0,0,0,0,0,0,0,0,0,0,0,0,0,0,2.2,USA,0,0,America
Agkistrodon contortrix mokasen,https://www.ncbi.nlm.nih.gov/pubmed/24211403,29.8,0,0,0,0,2.2,0,0,0,0,0,0.4,0,1.9,0,0,0,0,0,0,0,41.2,0,0,0,0,0,9.6,0,0,0,0,6.1,0,5.9,0,0,0,0,0,0,0,0,0,0,0,0,0.4,0,0,0,0,0,0,0.4,0,0,0,0,0,0,0,0,0,0,0,0,0.2,0,0,0,0,0,0,0,0,0,0,0,0,0,0,0,0,0,0,0,0,0,0,0,0,0,0,0,1.9,USA,0,0,America
Agkistrodon contortrix phaeogaster,https://www.ncbi.nlm.nih.gov/pubmed/24211403,21.4,0,0,0,0,2.2,0,0,0,0,0,0.6,0,0,0,0,0,0,0,0,0,40.2,0,0,0,0,0,22.5,0,0,0,0,5.4,0,5.4,0,0.1,0,0,0,0,0,0,0,0,0,0,0.5,0,0,0,0,0,0,0.4,0,0,0,0,0,0,0,0,0,0,0,0,0,0,0,0,0,0,0,0,0,0,0,0,0,0,0,0,0,0,0,0,0,0,0,0,0,0,0,0,1.3,USA,0,0,America
Agkistrodon contortrix pictigaster,https://www.ncbi.nlm.nih.gov/pubmed/24211403,30.2,0,0,0,0,0.8,0,0,0,0,0,2.5,0,2,0,0,0,0,0,0,0,38.2,0,0,0,0,0,8.9,0,0,0,0,8.8,0,6.2,0,0,0,0,0,0,0,0,0,0,0,0,0,0,0,0,0,0,0,0.2,0,0,0,0,0,0,0,0,0,0,0,0,0,0,0,0,0,0,0,0,0,0,0,0,0,0,0,0,0,0,0,0,0,0,0,0,0,0,0,0,2.2,USA,0,0,America
Agkistrodon piscivorus conanti,https://www.ncbi.nlm.nih.gov/pubmed/24211403,21,0,0,0,0,2.2,0,0,0,0,0,1.3,0,3,0,0,0,0,0,0,0,46,0,0,0,0,0,13.9,0,0,0,0,4.5,0,5.7,0,0,0,0,0,0,0,0,0,0,0,0,0,0,0,0,0,0,0,0,0,0,0,0,0,0,0,0,0,0,0,0,0,0,0,0,0,0,0,0,0,0,0,0,0,0,0,0,0,0,0,0,0,0,0,0,0,0,0,0,2.4,USA,0,0,America
Agkistrodon piscivorus leucostoma,https://www.ncbi.nlm.nih.gov/pubmed/24211403,26.1,0,0,0,0,4.9,0,0,0,0,0,0.8,0,2,0,0,0,0,0,0,0,43.2,0,0,0,0,0,10.1,0,0,0,0,2.7,0,5.9,0,0,0,0,0,0,0,0,0,0,0,0,0,0,0,0,0,0,0,0,0,0,0,0,0,0,0,0,0,0,0,0,0,0,0,0,0,0,0,0,0,0,0,0,0,0,0,0,0,0,0,0,0,0,0,0,0,0,0,0,4.3,USA,0,0,America
Agkistrodon piscivorus piscivorus,https://www.ncbi.nlm.nih.gov/pubmed/24211403,33.1,0,0,0,0,3.6,0,0,0,0,0,3.2,0,3.5,0,0,0,0,0,0,0,33.6,0,0,0,0,0,13.2,0,0,0,0,0.8,0,5.8,0,0,0,0,0,0,0,0,0,0,0,0,0,0,0,0,0,0,0,0,0,0,0,0,0,0,0,0,0,0,0,0,0,0,0,0,0,0,0,0,0,0,0,0,0,0,0,0,0,0,0,0,0,0,0,0,0,0,0,0,3.2,USA,0,0,America
Aipysurus laevis,https://www.ncbi.nlm.nih.gov/pubmed/26169672,0,0,0,0,0,0,0,0,0,0,0,0,0,2.5,25.3,0,0,0,0,0,0,71.2,0,0,0,0,0,0,0,0,0,0,0,0,0,0,0,0,0,0,0,0,0,0,0,0,0,0,0,0,0,0,0,0,0,0,0,0,0,0,0,0,0,0.2,0,0,0,0,0,0,0,0,0,0,0,0,0,0,0,0,0,0,0,0,0,0,0,0,0,0,0,0,0,0.8,0,0,Australia,0,0,Oceania
Atropoides nummifer mexicanus,https://www.ncbi.nlm.nih.gov/pubmed/18161938,0,14.74,0,3.39,0,0,0,2.49,0,0,0,1.29,0.1,1.89,0.1,0,0,0,0,0,0,36.35,0,0,0,0,0,21.91,0,0,0,0,9.06,0,8.57,0,0.1,0,0,0,0,0,0,0,0,0,0,0,0,0,0,0,0,0,0,0,0,0,0,0,0,0,0,0,0,0,0,0,0,0,0,0,0,0,0,0,0,0,0,0,0,0,0,0,0,0,0,0,0,0,0,0,0,0,0,0,Costa Rica,0,0,America
Atropoides picadoi,https://www.ncbi.nlm.nih.gov/pubmed/18161938,0,9.67,0,56.53,0,0,0,0.1,0,0,0,1.79,0.1,4.79,0,0,0,0,0,0,0,9.47,0,0,0,0,0,13.46,0,0,0,0,2.19,0,1.79,0,0.1,0,0,0,0,0,0,0,0,0,0,0,0,0,0,0,0,0,0,0,0,0,0,0,0,0,0,0,0,0,0,0,0,0,0,0,0,0,0,0,0,0,0,0,0,0,0,0,0,0,0,0,0,0,0,0,0,0,0,0,Costa Rica,0,0,America
Austrelaps labialis,https://www.ncbi.nlm.nih.gov/pubmed/18307759,3,0,0,0,0,0,0,0,0,0,0,0,0,8,45,0,0,0,0,0,0,33,0,0,0,0,0,0,0,9,0,0,0,0,0,0,0,0,0,0,0,0,0,0,0,0,0,0,0,0,0,0,0,0,0,0,0,0,0,0,0,0,0,0,0,0,0,0,0,0,0,0,0,0,0,0,0,0,0,0,0,0,0,0,0,0,0,0,0,0,0,0,0,0,0,2,Australia,0,0,Oceania
Bitis arietans,https://www.ncbi.nlm.nih.gov/pubmed/16786436,38.46,0,0,0,0,0,0,0,0,17.78,0,13.19,0,0,0,0,0,0,0,0,0,4.3,0,0,0,0,0,19.48,0,4.2,0,0,0,0,0,0,0,0,0,0,0,0,0,0,0,0,0,0,0,1.7,0,0,0,0,0,0,0,0,0,0,0,0,0,0,0,0,0,0,0,0,0,0,0,0,0,0,0,0,0,0,0,0,0,0,0,0,0,0,0,0,0,0,0,0.9,0,0,Ghana,0,0,Africa
Bitis caudalis,https://www.ncbi.nlm.nih.gov/pubmed/17559253,11.5,0,0,0,0,0,0,0,0,0,2.3,4.9,0,1.2,0,0,0,0,0,0,0,59.8,0,0,0,0,0,15.1,0,3.2,0,0,1.7,0,0,0,0,0,0,0,0,0,0,0,0,0,0,0,0,0,0,0,0,0,0,0,0,0,0,0,0,0,0,0,0,0,0,0,0,0,0,0,0,0,0,0,0,0,0,0,0,0,0,0,0,0,0,0,0,0,0,0,0,0.3,0,0,Origin unknown,0,0,Origin unknown
Bitis gabonica,https://www.ncbi.nlm.nih.gov/pubmed/17203976,22.9,0,0,0,0,0,0,0,0,0,3.4,14.3,0.5,2,0,0,0,0,0,0,0,11.4,0,0,0,0,0,26.4,0,3,0,0,1.3,0,2.8,0,1,0,0,0,0,0,0,0,0,0,0,0,0,9.8,0,0,0,0,0,0,0,0,0,0,0,0,0,0,0,0,0,0,0,0,0,0,0,0,0,0,0,0,0,0,0,0,0,0,0,0,0,0,0,0,0,0,0,1.2,0,0,Origin unknown,0,0,Origin unknown
Bitis nasicornis,https://www.ncbi.nlm.nih.gov/pubmed/17559253,40.86,0,0,0,0,0,0,0,0,0,3.5,4.2,0.1,1.3,0,0,0,0,0,0,0,20.08,0,0,0,0,0,21.88,0,0,0,0,3.2,0,0,0,0,0,0,0,0,0,0,0,0,0,0,0,0,4.2,0,0,0,0,0,0,0,0,0,0,0,0,0,0,0,0,0,0,0,0,0,0,0,0,0,0,0,0,0,0,0,0,0,0,0,0,0,0,0,0,0,0,0,0.7,0,0,Origin unknown,0,0,Origin unknown
Bitis rhinoceros,https://www.ncbi.nlm.nih.gov/pubmed/17559253,30.8,0,0,0,0,0,0,0,0,0,8.5,14.1,0.6,1.2,0,0,0,0,0,0,0,4.8,0,0,0,0,0,23.9,0,7.5,0,0,2.2,0,0.3,0,0,0,0,0,0,0,0,0,0,0,0,0,0,5.3,0,0,0,0,0,0,0,0,0,0,0,0,0,0,0,0,0,0,0,0,0,0,0,0,0,0,0,0,0,0,0,0,0,0,0,0,0,0,0,0,0,0,0,0.8,0,0,Origin unknown,0,0,Origin unknown
Bothriechis aurifer,https://www.ncbi.nlm.nih.gov/pubmed/27777178,0,12.49,2.1,20.48,3.2,1.2,0,0,0,0,0,16.38,0.2,10.69,0,0,0,0,0,0,0.7,0,0,0,0,0,0,7.29,0,0,0,0,9.49,0,13.39,0,0,0,0,0,0,0,0,0,0,0,0,0,0,0,0,0,0,0,0,0,1.2,0,0.4,0,0,0,0,0,0,0,0,0,0,0,0,0,0,0,0,0,0,0,0,0,0,0,0,0,0,0.8,0,0,0,0,0,0,0,0,0,0,Guatemala,0,0,America
Bothriechis bicolor,https://www.ncbi.nlm.nih.gov/pubmed/27777178,0,1.84,3.2,3.2,4.46,0.78,0,0,0,0,0,4.27,6.6,0.97,0,0,0,0,0,0,0.1,34.14,0,0,0,0,0,18.53,0,0,0,0,10.48,0,3.49,0,1.07,0,0,0,0,0,0,0,0,0,0,0,0,0,0,0,0,0,1.45,0,2.62,0,1.94,0,0,0,0.87,0,0,0,0,0,0,0,0,0,0,0,0,0,0,0,0,0,0,0,0,0,0,0,0,0,0,0,0,0,0,0,0,0,Guatemala,0,0,America
Bothriechis lateralis,https://www.ncbi.nlm.nih.gov/pubmed/18444672,54.99,0,0,0,0,0,0,0,0,0,0,0.9,0,6.49,0,0,0,0,0,0,0,8.68,0,0,0,0,0,11.28,0,0,0,0,6.09,0,11.08,0,0.5,0,0,0,0,0,0,0,0,0,0,0,0,0,0,0,0,0,0,0,0,0,0,0,0,0,0,0,0,0,0,0,0,0,0,0,0,0,0,0,0,0,0,0,0,0,0,0,0,0,0,0,0,0,0,0,0,0,0,0,Costa Rica,0,0,America
Bothriechis lateralis,https://www.ncbi.nlm.nih.gov/pubmed/27777178,0,2.18,0,16.29,6.16,3.6,0,0,0,0,0,0,5.02,0,0,0,0,0,0,0,0,14.49,0,0,0,0,0,21.69,0,0,0,0,6.44,0,10.32,0,3.13,0,0,0,0,0,0,0,0,0,0,0,0,0,0,0,0,0,0,0,0,0,0,0,0,0,0,0,0,0,0,0,0,0,0,0,0,0,0,0,0,0,0,0,0,0,0,0,0,6.16,0,0,0,0,0,0,0,0,0,4.55,Costa Rica,0,0,America
Bothriechis marchi,https://www.ncbi.nlm.nih.gov/pubmed/27777178,0,1.1,0,34,8.5,1.7,0,0,0,0,0,4.2,4.8,2.8,0,0,0,0,0,0,0,14.3,0,0,0,0,0,10.1,0,0,0,0,1.1,0,10.6,0,0.9,0,0,0,0,0,0,0,0,0,0,0,0,0,0,0,0,0,0,0,2.1,0,0,0,0,0,0,0,0,0,0,0,0,0,0,0,0,0,0,0.1,0,0,0,0,0,0,0,0,0,0,0,0,0,0,0,0,0,0,0,3.7,Honduras,0,0,America
Bothriechis nigroviridis,https://www.ncbi.nlm.nih.gov/pubmed/20590130,0,0,0,0,0,0,0,0,0,0,0,0,0,2.1,0,0,0,0,0,0,0,38.3,0,0,0,0,0,18.4,0,0,0,0,0.5,0,26.9,10.1,2.8,0,0,0,0,0,0,0,0,0,0,0,0,0,0,0,0,0,0,0,0,0,0.5,0,0,0,0,0,0,0,0,0,0,0,0,0,0,0,0,0,0,0,0,0,0,0,0,0,0,0,0,0,0,0,0,0,0,0.4,0,0,Costa Rica,0,0,America
Bothriechis schlegelii,https://www.ncbi.nlm.nih.gov/pubmed/18444672,17.7,0,0,0,0,0,0,0,0,0,0,0,0,2.1,0,0,0,0,0,0,0,43.8,0,0,0,0,0,5.8,0,0,8.3,0,8.9,0,13.4,0,0,0,0,0,0,0,0,0,0,0,0,0,0,0,0,0,0,0,0,0,0,0,0,0,0,0,0,0,0,0,0,0,0,0,0,0,0,0,0,0,0,0,0,0,0,0,0,0,0,0,0,0,0,0,0,0,0,0,0,0,Costa Rica,0,0,America
Bothriechis schlegelii,https://www.ncbi.nlm.nih.gov/pubmed/27777178,0,0,0,8.1,6.9,0.1,0,0,0,0,0,0,0,11.3,0,0,0,0,0,0,0.8,17.3,0,0,0,0,0,20.6,0,6.3,0,0,3.4,0,15.9,0,2.8,0,0,0,0,0,0,0,0,0,0,0,0,0,0,0,0,0,0.01,0,0.03,0,0,0,0,0,0.7,0,0,0,0,0,0,0,0,0,0,0,0,0,0,0,0,0,0,0,0,0,0,0,0,0,0,0,0,0,0,0,0,5.8,Costa Rica,0,0,America
Bothriechis supraciliaris,https://www.ncbi.nlm.nih.gov/pubmed/22333435,6.8,0,0,0,0,1.6,0,0,0,0,0,0,0,4.3,0,0,0,0,0,0,0,13.4,0,0,0,0,0,15.2,0,0,9,0,5.9,0,21.9,0,1.4,0,13.2,0,0,0,0,0,0,0,0,0,0,0,0,0,0,0,0,0,0,0,0,0,0,0,0,0,0,0,0,0,0,4.1,0,0,0,0,0,0,0,0,0,0,0,0,0,0,0,0,0,0,0,0,0,0,0,3.2,0,0,Costa Rica,0,0,America
Bothriechis thalassinus,https://www.ncbi.nlm.nih.gov/pubmed/27777178,0,13.3,1.5,24.8,9.9,1.2,0,0,0,0,0,11.5,0.8,5.1,0,0,0,0,0,0,0.4,0,0,0,0,0,0,12.1,0,0,0,0,4.3,0,10.6,0,1.9,0,0,0,0,0,0,0,0,0,0,0,0,0,0,0,0,0,0,0,0.8,0,0.3,0,0,0,0.9,0,0,0,0,0,0,0,0,0,0,0,0,0,0,0,0,0,0,0,0,0,0,0.1,0,0,0,0,0,0,0,0,0,0.5,Guatemala,0,0,America
Bothrocophias campbelli,https://www.ncbi.nlm.nih.gov/pubmed/25091349,15.8,0,0,0,0,0.3,0,0,0,0,0,6.4,0,0.9,0,0,0,0,0,0,0,43.1,0,0,0,0,0,21.3,0,0,0,0,5.7,0,0,0,0,0,0,0,0,0,0,0,0,0,0,0,0,0,0,0,0,0,0,0,0,0,0.6,0,0,0,0,0,0,0.6,0,0,0,0,0,0,0,0,0,0,0,0,0,0,0,0,0,0,0,0,0,0,0,0,0,0,0,3.9,0,1.4,Ecuador,0,0,America
Bothrops pauloensis,https://www.ncbi.nlm.nih.gov/pubmed/22480909,0,12.15,0,25.8,0,1.29,0,0,0,0,0,0.6,0,2.19,0,0,0,0,0,0,0,0,0,0,16.33,15.84,0,10.46,0,0,0,0,2.79,0,6.18,0,0,0,6.18,0,0,0,0,0,0,0,0,0,0,0,0,0,0,0,0.2,0,0,0,0,0,0,0,0,0,0,0,0,0,0,0,0,0,0,0,0,0,0,0,0,0,0,0,0,0,0,0,0,0,0,0,0,0,0,0,0,0,Brazil,0,0,America
Bothrops alternatus,https://www.ncbi.nlm.nih.gov/pubmed/20329766,43.1,0,0,0,0,2.6,0,0,0,0,0,1.7,0,0,0,0,0,0,0,0,0,7.8,0,0,0,0,0,24.1,0,0,0,0,6.9,0,0,0,0,0,0,0,0,0,0,0,0,0,0,0,0,0,0,0,0,0,0,0,0,0,0,0,0,0,0,0,0,0,0,0,0,0,0,0,0,0,0,0,0,0,0,0,0,0,0,0,0,0,0,0,0,0,0,0,0,13.8,0,0,Brazil,0,0,America
Bothrops alternatus,https://www.ncbi.nlm.nih.gov/pubmed/24069493,0,3.6,7.59,40.96,0,0,0,0,0,0,0,14.79,0,2.5,0,0,0,0,0,0,2.4,2,0,0,0,0,0,5.79,0,0,0,0,14.89,0,0,0,0,0,0,0,0,0,0,0,0,0,0,0,0,0,0,0,0.3,0,0.4,0,1.5,0,0,0,0,0,0.9,0,0,0,0,0,0,0,0,0,0,0,0,0,0,0,0,0,0,0,0,0,0,0,0,0,0,0,0,2.4,0,0,0,0,Brazil,0,0,America
Bothrops asper,https://www.ncbi.nlm.nih.gov/pubmed/18557640,0,2.87,0,60.4,0,0,0,1.58,0,0,0,0.1,0,2.48,0,0,0,0,0,0,0,0,0,0,2.08,21.39,0,6.63,0,0,0,0,2.48,0,0,0,0,0,0,0,0,0,0,0,0,0,0,0,0,0,0,0,0,0,0,0,0,0,0,0,0,0,0,0,0,0,0,0,0,0,0,0,0,0,0,0,0,0,0,0,0,0,0,0,0,0,0,0,0,0,0,0,0,0,0,0,Costa Rica,0,0,America
Bothrops asper,https://www.ncbi.nlm.nih.gov/pubmed/18557640,0,32.2,0,8.8,0,0,0,2.1,0,0,0,0.5,0.1,0.1,0,0,0,0,0,0,0,0,0,0,18.8,10,0,18.2,0,0,0,0,9.2,0,0,0,0,0,0,0,0,0,0,0,0,0,0,0,0,0,0,0,0,0,0,0,0,0,0,0,0,0,0,0,0,0,0,0,0,0,0,0,0,0,0,0,0,0,0,0,0,0,0,0,0,0,0,0,0,0,0,0,0,0,0,0,Costa Rica,0,0,America
Bothrops asper,https://www.ncbi.nlm.nih.gov/pubmed/18557640,0,30.5,0,13.3,0,0,0,1.4,0,0,0,0.5,0.1,0.1,0,0,0,0,0,0,0,0,0,0,36,9.1,0,4.4,0,0,0,0,4.6,0,0,0,0,0,0,0,0,0,0,0,0,0,0,0,0,0,0,0,0,0,0,0,0,0,0,0,0,0,0,0,0,0,0,0,0,0,0,0,0,0,0,0,0,0,0,0,0,0,0,0,0,0,0,0,0,0,0,0,0,0,0,0,Costa Rica,0,0,America
Bothrops asper,https://www.ncbi.nlm.nih.gov/pubmed/18557640,0,7.1,0,58.2,0,0,0,0.6,0,0,0,0.2,0,0.1,0,0,0,0,0,0,0,0,0,0,4.2,23.5,0,2.6,0,0,0,0,3.4,0,0,0,0,0,0,0,0,0,0,0,0,0,0,0,0,0,0,0,0,0,0,0,0,0,0,0,0,0,0,0,0,0,0,0,0,0,0,0,0,0,0,0,0,0,0,0,0,0,0,0,0,0,0,0,0,0,0,0,0,0,0,0.1,Costa Rica,0,0,America
Bothrops asper,https://www.ncbi.nlm.nih.gov/pubmed/19539636,0,29.94,0.7,13.27,0,0,0,1.4,0,0,0,0.5,0.1,0.1,0,0,0,0,0,0,0,0,0,0,35.93,9.08,0,4.39,0,0,0,0,4.59,0,0,0,0,0,0,0,0,0,0,0,0,0,0,0,0,0,0,0,0,0,0,0,0,0,0,0,0,0,0,0,0,0,0,0,0,0,0,0,0,0,0,0,0,0,0,0,0,0,0,0,0,0,0,0,0,0,0,0,0,0,0,0,Costa Rica,0,0,America
Bothrops asper,https://www.ncbi.nlm.nih.gov/pubmed/19539636,0,32.2,0,8.8,0,0,0,2.1,0,0,0,0.5,0.1,0.1,0,0,0,0,0,0,0,0,0,0,18.8,10,0,18.2,0,0,0,0,9.2,0,0,0,0,0,0,0,0,0,0,0,0,0,0,0,0,0,0,0,0,0,0,0,0,0,0,0,0,0,0,0,0,0,0,0,0,0,0,0,0,0,0,0,0,0,0,0,0,0,0,0,0,0,0,0,0,0,0,0,0,0,0,0,Costa Rica,0,0,America
Bothrops atrox,https://www.ncbi.nlm.nih.gov/pubmed/19665598,0,45.35,0,3.1,0,3.2,0,1.7,0,0,0,7.09,0.1,2.6,0,0,0,0,0,0,0,0,0,0,18.48,2.5,0,10.89,0,0,0,0,4.7,0,0.15,0,0,0,0.15,0,0,0,0,0,0,0,0,0,0,0,0,0,0,0,0,0,0,0,0,0,0,0,0,0,0,0,0,0,0,0,0,0,0,0,0,0,0,0,0,0,0,0,0,0,0,0,0,0,0,0,0,0,0,0,0,0,Colombia,0,0,America
Bothrops atrox,https://www.ncbi.nlm.nih.gov/pubmed/19665598,0,23,0,49.1,0,0,0,0.1,0,0,0,0.7,0.9,1.8,0,0,0,0,0,0,0,0,0,0,5.6,11.8,0,4.6,0,0,0,0,2.1,0,0.05,0,0,0,0.05,0,0,0,0,0,0,0,0,0,0,0,0,0,0,0,0,0,0,0,0,0,0,0,0.2,0,0,0,0,0,0,0,0,0,0,0,0,0,0,0,0,0,0,0,0,0,0,0,0,0,0,0,0,0,0,0,0,0,Brazil,0,0,America
Bothrops atrox,https://www.ncbi.nlm.nih.gov/pubmed/22300577,0,23.2,0,35,0,3.2,0,0,0,0,0,3.6,0,2.4,0,0,0,0,0,0,0,11,0,0,0,0,0,11.1,0,0,0,0,10.5,0,0,0,0,0,0,0,0,0,0,0,0,0,0,0,0,0,0,0,0,0,0,0,0,0,0,0,0,0,0,0,0,0,0,0,0,0,0,0,0,0,0,0,0,0,0,0,0,0,0,0,0,0,0,0,0,0,0,0,0,0,0,0,Brazil,0,0,America
Bothrops atrox,https://www.ncbi.nlm.nih.gov/pubmed/21278006,0,8.2,0,64,0,0,0,0,0,0,0,0,0,3.2,0,0,0,0,0,0,0,17,0,0,0,0,0,5.5,0,0,0,0,2.1,0,0,0,0,0,0,0,0,0,0,0,0,0,0,0,0,0,0,0,0,0,0,0,0,0,0,0,0,0,0,0,0,0,0,0,0,0,0,0,0,0,0,0,0,0,0,0,0,0,0,0,0,0,0,0,0,0,0,0,0,0,0,0,Brazil,0,0,America
Bothrops atrox,https://www.ncbi.nlm.nih.gov/pubmed/21278006,0,14,0,69,0,0,0,0,0,0,0,0.5,0,1.2,0,0,0,0,0,0,0,10,0,0,0,0,0,4.5,0,0,0,0,0.7,0,0,0,0,0,0,0,0,0,0,0,0,0,0,0,0,0,0,0,0,0,0,0,0,0,0,0,0,0,0,0,0,0,0,0,0,0,0,0,0,0,0,0,0,0,0,0,0,0,0,0,0,0,0,0,0,0,0,0,0,0,0,0.1,Brazil,0,0,America
Bothrops atrox,https://www.ncbi.nlm.nih.gov/pubmed/21278006,0,16.3,0,66,0,0,0,0,0,0,0,0.4,0,1.2,0,0,0,0,0,0,0,12,0,0,0,0,0,3,0,0,0,0,1.1,0,0,0,0,0,0,0,0,0,0,0,0,0,0,0,0,0,0,0,0,0,0,0,0,0,0,0,0,0,0,0,0,0,0,0,0,0,0,0,0,0,0,0,0,0,0,0,0,0,0,0,0,0,0,0,0,0,0,0,0,0,0,0,Brazil,0,0,America
Bothrops atrox,https://www.ncbi.nlm.nih.gov/pubmed/21278006,0,21,0,54,0,0,0,0,0,0,0,0,0,1.6,0,0,0,0,0,0,0,16,0,0,0,0,0,6.9,0,0,0,0,0.5,0,0,0,0,0,0,0,0,0,0,0,0,0,0,0,0,0,0,0,0,0,0,0,0,0,0,0,0,0,0,0,0,0,0,0,0,0,0,0,0,0,0,0,0,0,0,0,0,0,0,0,0,0,0,0,0,0,0,0,0,0,0,0,Brazil,0,0,America
Bothrops atrox,https://www.ncbi.nlm.nih.gov/pubmed/21278006,0,18,0,63,0,0,0,0,0,0,0,0,0,2.8,0,0,0,0,0,0,0,15,0,0,0,0,0,0.5,0,0,0,0,0.5,0,0,0,0,0,0,0,0,0,0,0,0,0,0,0,0,0,0,0,0,0,0,0,0,0,0,0,0,0,0,0,0,0,0,0,0,0,0,0,0,0,0,0,0,0,0,0,0,0,0,0,0,0,0,0,0,0,0,0,0,0,0,0.2,Brazil,0,0,America
Bothrops atrox,https://www.ncbi.nlm.nih.gov/pubmed/21278006,0,21,0,56,0,0,0,0,0,0,0,0,0,1.6,0,0,0,0,0,0,0,18,0,0,0,0,0,2.1,0,0,0,0,1.3,0,0,0,0,0,0,0,0,0,0,0,0,0,0,0,0,0,0,0,0,0,0,0,0,0,0,0,0,0,0,0,0,0,0,0,0,0,0,0,0,0,0,0,0,0,0,0,0,0,0,0,0,0,0,0,0,0,0,0,0,0,0,1.42e-14,Brazil,0,0,America
Bothrops atrox,https://www.ncbi.nlm.nih.gov/pubmed/21278006,0,17.96,0,66.87,0,0,0,0,0,0,0,0,0,2.2,0,0,0,0,0,0,0,8.08,0,0,0,0,0,3.49,0,0,0,0,1.4,0,0,0,0,0,0,0,0,0,0,0,0,0,0,0,0,0,0,0,0,0,0,0,0,0,0,0,0,0,0,0,0,0,0,0,0,0,0,0,0,0,0,0,0,0,0,0,0,0,0,0,0,0,0,0,0,0,0,0,0,0,0,0,Brazil,0,0,America
Bothrops atrox,https://www.ncbi.nlm.nih.gov/pubmed/21278006,0,10.5,0,69,0,0,0,0,0,0,0,0,0,3.6,0,0,0,0,0,0,0,12.8,0,0,0,0,0,2.6,0,0,0,0,1.5,0,0,0,0,0,0,0,0,0,0,0,0,0,0,0,0,0,0,0,0,0,0,0,0,0,0,0,0,0,0,0,0,0,0,0,0,0,0,0,0,0,0,0,0,0,0,0,0,0,0,0,0,0,0,0,0,0,0,0,0,0,0,1.42e-14,Brazil,0,0,America
Bothrops atrox,https://www.ncbi.nlm.nih.gov/pubmed/21278006,0,16,0,68,0,0,0,0,0,0,0,0,0,2.2,0,0,0,0,0,0,0,8,0,0,0,0,0,4.3,0,0,0,0,1.5,0,0,0,0,0,0,0,0,0,0,0,0,0,0,0,0,0,0,0,0,0,0,0,0,0,0,0,0,0,0,0,0,0,0,0,0,0,0,0,0,0,0,0,0,0,0,0,0,0,0,0,0,0,0,0,0,0,0,0,0,0,0,0,Brazil,0,0,America
Bothrops atrox,https://www.ncbi.nlm.nih.gov/pubmed/28274896,0,18,0,66,0,0,0,0,0,0,0,0.9,0,2.7,0,0,0,0,0,0,0,8.5,0,0,0,0,0,2.5,0,0,0,0,1.4,0,0,0,0,0,0,0,0,0,0,0,0,0,0,0,0,0,0,0,0,0,0,0,0,0,0,0,0,0,0,0,0,0,0,0,0,0,0,0,0,0,0,0,0,0,0,0,0,0,0,0,0,0,0,0,0,0,0,0,0,0,0,0,Venezuela,0,0,America
Bothrops atrox,https://www.ncbi.nlm.nih.gov/pubmed/28274896,0,31,0,54,0,0,0,0,0,0,0,0,0,3.8,0,0,0,0,0,0,0,7.7,0,0,0,0,0,2.3,0,0,0,0,1.2,0,0,0,0,0,0,0,0,0,0,0,0,0,0,0,0,0,0,0,0,0,0,0,0,0,0,0,0,0,0,0,0,0,0,0,0,0,0,0,0,0,0,0,0,0,0,0,0,0,0,0,0,0,0,0,0,0,0,0,0,0,0,0,Venezuela,0,0,America
Bothrops atrox,https://www.ncbi.nlm.nih.gov/pubmed/28274896,0,21,0,60,0,0,0,0,0,0,0,0,0,2.2,0,0,0,0,0,0,0,5.5,0,0,0,0,0,9.5,0,0,0,0,1.8,0,0,0,0,0,0,0,0,0,0,0,0,0,0,0,0,0,0,0,0,0,0,0,0,0,0,0,0,0,0,0,0,0,0,0,0,0,0,0,0,0,0,0,0,0,0,0,0,0,0,0,0,0,0,0,0,0,0,0,0,0,0,0,Venezuela,0,0,America
Bothrops atrox,https://www.ncbi.nlm.nih.gov/pubmed/28274896,0,65,0,20,0,0,0,0,0,0,0,0,0,2.8,0,0,0,0,0,0,0,8.5,0,0,0,0,0,2.2,0,0,0,0,1.5,0,0,0,0,0,0,0,0,0,0,0,0,0,0,0,0,0,0,0,0,0,0,0,0,0,0,0,0,0,0,0,0,0,0,0,0,0,0,0,0,0,0,0,0,0,0,0,0,0,0,0,0,0,0,0,0,0,0,0,0,0,0,0,Venezuela,0,0,America
Bothrops atrox,https://www.ncbi.nlm.nih.gov/pubmed/21278006,0,21,0,4.8,0,3.1,0,0,0,0,0,0,0,2.1,0,0,0,0,0,0,0,48,0,0,0,0,0,19,0,0,0,0,2,0,0,0,0,0,0,0,0,0,0,0,0,0,0,0,0,0,0,0,0,0,0,0,0,0,0,0,0,0,0,0,0,0,0,0,0,0,0,0,0,0,0,0,0,0,0,0,0,0,0,0,0,0,0,0,0,0,0,0,0,0,0,1.42e-14,Colombia,0,0,America
Bothrops atrox,https://www.ncbi.nlm.nih.gov/pubmed/21278006,0,8.5,5.2,37.2,0,0,0,0,0,0,0,13.1,0,3.7,0,0,0,0,0,0,0,6.2,0,0,0,0,0,11.5,0,0,0,0,9.1,0,0,0,0.7,0,0,0,0,0,0,0,0,0,0,0,0,0,0,0,0.2,0,0.5,0,2.4,0,1.7,0,0,0,0,0,0,0,0,0,0,0,0,0,0,0,0,0,0,0,0,0,0,0,0,0,0,0,0,0,0,0,0,0,0,0,0,0,Brazil,0,0,America
Bothrops atrox,https://www.ncbi.nlm.nih.gov/pubmed/21278006,0,4.6,4.6,37.3,0,0,0,0,0,0,0,10.2,0,4.3,0,0,0,0,0,0,0,7.5,0,0,0,0,0,14.1,0,0,0,0,9.4,0,0,0,1.4,0,0,0,0,0,0,0,0,0,0,0,0,0,0,0,0.2,0,1,0,2.6,0,2.6,0,0,0,0,0,0,0,0,0,0,0,0,0,0,0,0,0,0,0,0,0,0,0,0,0,0,0,0,0,0,0,0,0,0,0,0,0.2,Brazil,0,0,America
Bothrops atrox,https://www.ncbi.nlm.nih.gov/pubmed/21278006,0,6.5,4.6,40.3,0,0,0,0,0,0,0,13.1,0,4.3,0,0,0,0,0,0,0,5.7,0,0,0,0,0,10.3,0,0,0,0,8.7,0,0,0,0.7,0,0,0,0,0,0,0,0,0,0,0,0,0,0,0,0.2,0,0.8,0,2.7,0,2.1,0,0,0,0,0,0,0,0,0,0,0,0,0,0,0,0,0,0,0,0,0,0,0,0,0,0,0,0,0,0,0,0,0,0,0,0,0,Brazil,0,0,America
Bothrops atrox,https://www.ncbi.nlm.nih.gov/pubmed/21278006,0,5.89,5.19,42.81,0,0,0,0,0,0,0,11.78,0,3.79,0,0,0,0,0,0,0,6.39,0,0,0,0,0,9.68,0,0,0,0,8.68,0,0,0,0.9,0,0,0,0,0,0,0,0,0,0,0,0,0,0,0,0.2,0,0.8,0,2.2,0,1.7,0,0,0,0,0,0,0,0,0,0,0,0,0,0,0,0,0,0,0,0,0,0,0,0,0,0,0,0,0,0,0,0,0,0,0,0,0,Brazil,0,0,America
Bothrops atrox,https://www.ncbi.nlm.nih.gov/pubmed/24069493,0,5.79,6.49,42.26,0,0,0,0,0,0,0,12.19,0,2.1,0,0,0,0,0,0,1.5,3.3,0,0,0,0,0,8.09,0,0,0,0,14.19,0,0,0,0,0,0,0,0,0,0,0,0,0,0,0,0,0,0,0,0.3,0,0.3,0,1.4,0,0,0,0,0,0.9,0,0,0,0,0,0,0,0,0,0,0,0,0,0,0,0,0,0,0,0,0,0,0,0,0,0,0,0,1.2,0,0,0,0,Brazil,0,0,America
Bothrops ayerbei,https://www.ncbi.nlm.nih.gov/pubmed/24231109,53.7,0,0,0,0,2.3,0,0,0,0,0,10.1,0,1.1,0,0,0,0,0,0,0,0.7,0,0,0,0,0,9.3,0,0,0,0,3.3,0,8.3,0,0,0,0,0,0,0,0,0,0,0,0,0,0,0,0,0,0,0,0.1,0,0.7,0,0,0,0,0,0,0,0,0,0,0,0,0,0,0,0,0,0,0,0,0,0,0,0,0,0,0,0,0,0,0,0,0,0,0,0,8.7,0,1.7,Colombia,0,0,America
Bothrops barnetti,https://www.ncbi.nlm.nih.gov/pubmed/22300577,0,22.9,0,51.2,0,5.5,0,0,0,0,0,3.3,0,3.1,0,0,0,0,0,0,0,6.4,0,0,0,0,0,6.7,0,0,0,0,0.8,0,0,0,0,0,0,0,0,0,0,0,0,0,0,0,0,0,0,0,0,0,0,0,0,0,0,0,0,0,0,0,0,0,0,0,0,0,0,0,0,0,0,0,0,0,0,0,0,0,0,0,0,0,0,0,0,0,0,0,0,0,0,0.1,Peru,0,0,America
Bothrops caribbaeus,https://www.ncbi.nlm.nih.gov/pubmed/18785768,0,30.6,0,38,0,0,0,0,0,1.5,0,0,0.2,2.6,0,0,0,0,0,0,0,12.8,0,0,0,0,0,4.7,0,0,0,0,8.4,0,0,0,0,0,0,0,0,0,0,0,0,0,0,0,0,0,0,0,0,0,0,0,0,0,0,0,0,0,0,0,0,0,0,0,0,0,0,0,0,0,0,0,0,0,0,0,0,0,0,0,0,0,0,0,0,0,0,0,0,0,0,1.2,Costa Rica,0,0,America
Bothrops colombiensis,https://www.ncbi.nlm.nih.gov/pubmed/19457355,0,30.77,0,11.29,0,0,0,5.59,0,0,0,0,0.5,0.1,0,0,0,0,0,0,0,0,0,0,34.07,10.19,0,1,0,0,0,0,5.69,0,0.4,0,0,0,0.4,0,0,0,0,0,0,0,0,0,0,0,0,0,0,0,0,0,0,0,0,0,0,0,0,0,0,0,0,0,0,0,0,0,0,0,0,0,0,0,0,0,0,0,0,0,0,0,0,0,0,0,0,0,0,0,0,0,Venezuela,0,0,America
Bothrops cotiara,https://www.ncbi.nlm.nih.gov/pubmed/18760386,0,3.1,0,70,0,0,0,1.2,0,0,0,0.1,0.5,3.6,0,0,0,0,0,0,0,0,0,0,0,0,0,14.4,0,0,0,0,3.8,0,0,0,1.65,0,0,0,0,0,0,0,0,0,0,0,0,0,0,0,0,0,1.65,0,0,0,0,0,0,0,0,0,0,0,0,0,0,0,0,0,0,0,0,0,0,0,0,0,0,0,0,0,0,0,0,0,0,0,0,0,0,0,0,0,Brazil,0,0,America
Bothrops cotiara,https://www.ncbi.nlm.nih.gov/pubmed/24069493,0,4.3,10,36.7,0,0,0,0,0,0,0,4.7,0,2.9,0,0,0,0,0,0,2.5,0.6,0,0,0,0,0,13,0,0,0,0,19.6,0,0,0,0,0,0,0,0,0,0,0,0,0,0,0,0,0,0,0,0.7,0,0.7,0,0.1,0,0,0,0,0,0.7,0,0,0,0,0,0,0,0,0,0,0,0,0,0,0,0,0,0,0,0,0,0,0,0,0,0,0,0,3.2,0.3,0,0,0,Brazil,0,0,America
Bothrops diporus,https://www.ncbi.nlm.nih.gov/pubmed/26712790,0,14.7,0,19.5,2.6,0,0,0,0,0,0,2.9,1.4,1.2,0,0,0,0,0,0,0.3,24.1,0,0,0,0,0,7.2,0,0,0,0,7.4,15.9,0,0,0,0,0,0,0,0,0,0,0,0,0,0,0,0,0,0,0,0,0,0,1.6,0,1.1,0,0,0,0.1,0,0,0,0,0,0,0,0,0,0,0,0,0,0,0,0,0,0,0,0,0,0,0,0,0,0,0,0,0,0,0,0,0,Argentina,0,0,America
Bothrops erythromelas,https://www.ncbi.nlm.nih.gov/pubmed/25462430,0,8.99,0,29.77,0,5.29,0,0,0,0,0,17.18,1.4,0,0,0,0,0,0,0,0.5,0,0,0,0,15.08,0,7.19,0,0,0,0,0,0,11.39,0,2.7,0,0,0,0,0,0,0,0,0,0,0,0,0,0,0,0,0,0,0,0,0,0.5,0,0,0,0,0,0,0,0,0,0,0,0,0,0,0,0,0,0,0,0,0,0,0,0,0,0,0,0,0,0,0,0,0,0,0,0,0,Brazil,0,0,America
Bothrops erythromelas,https://www.ncbi.nlm.nih.gov/pubmed/25462430,0,6.99,0,35.96,0,3.6,0,0,0,0,0,21.58,1.1,0,0,0,0,0,0,0,0.1,0,0,0,0,13.79,0,4,0,0,0,0,0,0,10.99,0,1.5,0,0,0,0,0,0,0,0,0,0,0,0,0,0,0,0,0,0,0,0.4,0,0,0,0,0,0,0,0,0,0,0,0,0,0,0,0,0,0,0,0,0,0,0,0,0,0,0,0,0,0,0,0,0,0,0,0,0,0,0,Brazil,0,0,America
Bothrops erythromelas,https://www.ncbi.nlm.nih.gov/pubmed/25462430,0,14.4,0,35.4,0,8.9,0,0,0,0,0,8.7,0.9,0,0,0,0,0,0,0,0,0,0,0,0,10.1,0,5.8,0,0,0,0,0,0,14.5,0,1.3,0,0,0,0,0,0,0,0,0,0,0,0,0,0,0,0,0,0,0,0,0,0,0,0,0,0,0,0,0,0,0,0,0,0,0,0,0,0,0,0,0,0,0,0,0,0,0,0,0,0,0,0,0,0,0,0,0,0,0,Brazil,0,0,America
Bothrops erythromelas,https://www.ncbi.nlm.nih.gov/pubmed/25462430,0,7.2,0,38,0,3.4,0,0,0,0,0,18,1.2,0.4,0,0,0,0,0,0,0,0,0,0,0,13.5,0,6,0,0,0,0,0,0,9.3,0,2.4,0,0,0,0,0,0,0,0,0,0,0,0,0,0,0,0,0,0,0,0.4,0,0,0,0,0,0,0,0,0,0,0,0,0,0,0,0,0,0,0,0,0,0,0,0,0,0,0,0,0,0,0,0,0,0,0,0,0,0,0.2,Brazil,0,0,America
Bothrops erythromelas,https://www.ncbi.nlm.nih.gov/pubmed/25462430,0,2.7,0,45.5,0,5.3,0,0,0,0,0,8.4,2.1,0,0,0,0,0,0,0,0.1,0,0,0,0,10.5,0,9.7,0,0,0,0,0,0,12.2,0,2.3,0,0,0,0,0,0,0,0,0,0,0,0,0,0,0,0,0,0,0,0,0,0,0,0,0,0,0,0,0,0,0,0,0,0,0,0,0,0,0,0,0,0,0,0,0,0,0,0,0,0,0,0,0,0,0,0,0,0,1.2,Brazil,0,0,America
Bothrops fonsecai,https://www.ncbi.nlm.nih.gov/pubmed/18760386,0,3.4,0,39.1,0,0,0,4.4,0,0,0,9.8,0.7,2.4,0,0,0,0,0,0,0,30.1,0,0,0,0,0,4.1,0,0,0,0,1.9,0,0,0,1.95,0,0,0,0,0,0,0,0,0,0,0,0,0,0,0,0,0,1.95,0,0,0,0,0,0,0,0,0,0,0,0,0,0,0,0,0,0,0,0,0,0,0,0,0,0,0,0,0,0,0,0,0,0,0,0,0,0,0,0,0.2,Brazil,0,0,America
Bothrops insularis,https://www.ncbi.nlm.nih.gov/pubmed/19211044,29.91,0,0,0,0,0,0,0,0,0,0,31.21,0,1.3,0,0,0,0,0,0,0,9.97,0,0,0,0,0,12.46,0,0,0,0,1.3,0,11.27,0,1.3,0,0,0,0,0,0,0,0,0,0,0,0,0,0,0,0,0,1.3,0,0,0,0,0,0,0,0,0,0,0,0,0,0,0,0,0,0,0,0,0,0,0,0,0,0,0,0,0,0,0,0,0,0,0,0,0,0,0,0,0,Brazil,0,0,America
Bothrops jararaca,https://www.ncbi.nlm.nih.gov/pubmed/24069493,0,3.8,9.4,29.6,0,0,0,0,0,0,0,24.4,0,1.4,0,0,0,0,0,0,0.8,3.2,0,0,0,0,0,11.7,0,0,0,0,10.7,0,0,0,1.8,0,0,0,0,0,0,0,0,0,0,0,0,0,0,0,0,0,0.3,0,1.3,0,0,0,0,0,0.4,0,0,0,0,0,0,0,0,0,0,0,0,0,0,0,0,0,0,0,0,0,0,0,0,0,0,0,0,1.1,0,0,0,0.1,Brazil,0,0,America
Bothrops jararacussu,https://www.ncbi.nlm.nih.gov/pubmed/24069493,0,1.5,4.5,20.2,0,0,0,0,0,0,0,9.7,0,2.2,0,0,0,0,0,0,1.7,25.7,0,0,0,0,0,12.3,0,0,0,0,15,0,0,0,0,0,0,0,0,0,0,0,0,0,0,0,0,0,0,0,0,0,0.6,0,1.7,0,0,0,0,0,1,0,0,0,0,0,0,0,0,0,0,0,0,0,0,0,0,0,0,0,0,0,0,0,0,0,0,0,0,3.9,0,0,0,0,Brazil,0,0,America
Bothrops lanceolatus,https://www.ncbi.nlm.nih.gov/pubmed/18785768,0,25.77,0,48.35,0,0,0,0,0,0,0,0.1,0,0,0,0,0,0,0,0,0,8.59,0,0,0,0,0,14.39,0,0,0,0,2.8,0,0,0,0,0,0,0,0,0,0,0,0,0,0,0,0,0,0,0,0,0,0,0,0,0,0,0,0,0,0,0,0,0,0,0,0,0,0,0,0,0,0,0,0,0,0,0,0,0,0,0,0,0,0,0,0,0,0,0,0,0,0,0,Costa Rica,0,0,America
Bothrops neuwiedi,https://www.ncbi.nlm.nih.gov/pubmed/24069493,0,14.1,14,21.8,0,0,0,0,0,0,0,8.6,0,2,0,0,0,0,0,0,1.4,8.4,0,0,0,0,0,8.8,0,0,0,0,16.7,0,0,0,0.4,0,0,0,0,0,0,0,0,0,0,0,0,0,0,0,0,0,0.3,0,1.2,0,0,0,0,0,0.8,0,0,0,0,0,0,0,0,0,0,0,0,0,0,0,0,0,0,0,0,0,0,0,0,0,0,0,0,1.5,0,0,0,0,Brazil,0,0,America
Bothrops pictus,https://www.ncbi.nlm.nih.gov/pubmed/22300577,0,10.3,0,57.7,0,8.9,0,0,0,0,0,1.1,0,0,0,0,0,0,0,0,0,14.1,0,0,0,0,0,7.7,0,0,0,0,0,0,0,0,0,0,0,0,0,0,0,0,0,0,0,0,0,0,0,0,0,0,0,0,0,0,0,0,0,0,0,0,0,0,0,0,0,0,0,0,0,0,0,0,0,0,0,0,0,0,0,0,0,0,0,0,0,0,0,0,0,0,0,0.2,Peru,0,0,America
Bothrops pirajai,https://www.ncbi.nlm.nih.gov/pubmed/23385358,20.7,0,0,0,0,1.4,0,0,0,0,0,9.2,0,0,0,0,0,0,0,0,0,40.2,0,0,0,0,0,7.1,0,0,0,0,5.2,0,0,0,0,0,0,0,0,0,0,0,0,0,0,0,0,0,0,0,0,0,0,0,0,0,0,0,0,0,0,0,0,0,0,0,0,0,0,0,0,0,0,0,0,0,0,0,0,0,0,0,0,0,0,0,0,0,0,0,0,5.6,0,10.6,Brazil,0,0,America
Bothrops punctatus,https://www.ncbi.nlm.nih.gov/pubmed/24498576,41.5,0,0,0,0,3.8,0,0,0,0,0,16.7,0,1.2,0,0,0,0,0,0,0,9.3,0,0,0,0,0,5.4,0,0,0,0,3.1,0,10.7,0,1.7,0,0,0,0,0,0,0,0,0,0,0,0,0,0,0,0,0,0,0,0,0,0,0,0,0,0,0,0,0,0,0,0,0,0,0,0,0,0,0,0,0,0,0,0,0,0,0,0,0,0,0,0,0,0,0,0,0,0,6.6,Colombia,0,0,America
Bungarus caeruleus,https://www.ncbi.nlm.nih.gov/pubmed/28476572,1.3,0,0,0,0,0,0,0,0,0,0,0,0,5.5,19,0,0,0,0,0,0,59.9,0,4.6,0,0,0,0,0,4.4,0,0,0,0,0,0,0,0,0,0,0,0,0,0,0,0,0,0,0,0,0,0,0,0,0.1,0,0,1.6,0,0,0,0,0,0,0,0,0,0,0,0,0,0,0,0,0,0,0,0,0,0,0,0,0,0,0,0,0,0,0,0,0,0,0,0,0,3.6,Sri Lanka,0,0,Eurasia
Bungarus candidus,https://www.ncbi.nlm.nih.gov/pubmed/25154052,4.9,0,0,0,0,0,0,0,0,0,0,0,0,3.9,30.07,0,0,0,0,0,1,25.17,0,0,0,0,0,3.9,0,12.59,0,0,5.79,0,0,0,0,0,1,0,0,0,0,0,0,0,0,0,0,0,0,1.9,1.9,0,1,0,0,4.9,0,0,1,1,0,0,0,0,0,0,0,0,0,0,0,0,0,0,0,0,0,0,0,0,0,0,0,0,0,0,0,0,0,0,0,0,0,0,Malaysia,0,0,Eurasia
Bungarus fasciatus,https://www.ncbi.nlm.nih.gov/pubmed/25154052,4.69,0,0,0,0,0,0,0,0,0,0,0,0,1.2,17.37,0,0,0,0,0,0,44.11,0,0,0,0,0,5.79,0,9.28,0,0,5.79,0,0,0,1.2,0,0,0,0,0,0,0,0,0,0,0,0,0,0,0,0,0,0,0,1.2,4.69,2.3,0,1.2,1.2,0,0,0,0,0,0,0,0,0,0,0,0,0,0,0,0,0,0,0,0,0,0,0,0,0,0,0,0,0,0,0,0,0,0,Malaysia,0,0,Eurasia
Bungarus fasciatus,https://www.ncbi.nlm.nih.gov/pubmed/26341420,3.54,0,0,0,0,0,0,0,0,0,0,0,0,0.42,1.27,0,0,0,0,0,0.71,66.83,0,0,0,0,0,0,0,1.83,0,0,7.07,0,0,0,0.1,0,0,0,0,0,0,0,0,0,0,0,0,0,0,0,0,0,1.1,0,0,5.08,0,0,0,0,0,0,0,0,0,0,0,0,0,0.66,0,0,0,0,0,0,0,0,0,0,0,0,0,0,0,0,0,0,0,0,0,0,0,11.39,Vietnam,0,0,Eurasia
Bungarus multicinctus,https://www.ncbi.nlm.nih.gov/pubmed/26341420,0.78,0,0,0,0,0,0,0,0,0,0,0,0,2.42,27.5,0,0,0,0,0,0.33,15.34,0,0,0,0,0,0.08,0,2.26,0,0,2.11,0,0,0,0.08,0,0.09,0,0,0,0,0,0,0,0,0,0,0,0,0.19,0.29,0,0.32,0,0,1.1,0,0,0,0,0,0,0,0,0,0,0,0,0,40.75,0,0,0,0,0,0,0,0,0,0,0,0,0,0,0,0,0,0,0,0,0,0,0,6.36,Vietnam,0,0,Eurasia
Calloselasma rhodostoma,https://www.ncbi.nlm.nih.gov/pubmed/27418434,0,20.4,19.8,1,0,0,0,0,0,0,0,26,0,0,0,0,0,0,0,0,0.9,0,0,0,0,0,0,14.9,0,0,0,0,7,0,0,0,0,0,0,0,0,0,0,0,0,0,0,0,0,0,0,0,0,0,0.6,0,0.2,0,0.3,0,0,0,0,0,0,0,0,0,0,0,0,0,0,0,0,0,0,0,0,0,0,0,0.1,0.6,0,0,0,0,0,0,0,0,0,0,0,8.2,Malaysia,0,0,Eurasia
Cerastes cerastes cerastes,https://www.ncbi.nlm.nih.gov/pubmed/16206329,33.64,0,0,0,0,0,0,0,0,0,7.27,21.82,0,0,0,0,0,0,0,0,0,18.18,0,0,0,0,0,8.18,0,0,0,0,10.91,0,0,0,0,0,0,0,0,0,0,0,0,0,0,0,0,0,0,0,0,0,0,0,0,0,0,0,0,0,0,0,0,0,0,0,0,0,0,0,0,0,0,0,0,0,0,0,0,0,0,0,0,0,0,0,0,0,0,0,0,0,0,0,Tunisia,0,0,Africa
Cerastes cerastes cerastes,https://www.ncbi.nlm.nih.gov/pubmed/22387316,0,5.8,0,57.3,0,0,0,0,0,0,8.5,1.7,0,0.7,0,0,0,0,0,0,0,19.1,0,0,0,0,0,6.9,0,0,0,0,0,0,0,0,0,0,0,0,0,0,0,0,0,0,0,0,0,0,0,0,0,0,0,0,0,0,0,0,0,0,0,0,0,0,0,0,0,0,0,0,0,0,0,0,0,0,0,0,0,0,0,0,0,0,0,0,0,0,0,0,0,0,0,0,Morocco,0,0,Africa
Cerastes cerastes cerastes,https://www.ncbi.nlm.nih.gov/pubmed/22387316,0,0,0,55.9,0,0,0,0,0,0,4.9,3.2,0,0,0,0,0,0,0,0,0,16.6,0,0,0,0,0,13.2,0,0,0,0,6.2,0,0,0,0,0,0,0,0,0,0,0,0,0,0,0,0,0,0,0,0,0,0,0,0,0,0,0,0,0,0,0,0,0,0,0,0,0,0,0,0,0,0,0,0,0,0,0,0,0,0,0,0,0,0,0,0,0,0,0,0,0,0,0,Tunisia,0,0,Africa
Cerastes vipera,https://www.ncbi.nlm.nih.gov/pubmed/16206329,48,0,0,0,0,0,0,0,0,0,1,1,0,0,0,0,0,0,0,0,0,21,0,0,0,0,0,20,0,0,0,0,9,0,0,0,0,0,0,0,0,0,0,0,0,0,0,0,0,0,0,0,0,0,0,0,0,0,0,0,0,0,0,0,0,0,0,0,0,0,0,0,0,0,0,0,0,0,0,0,0,0,0,0,0,0,0,0,0,0,0,0,0,0,0,0,Tunisia,0,0,Africa
Cerrophidion godmani,https://www.ncbi.nlm.nih.gov/pubmed/22212456,32.8,0,0,0,0,7.5,0,0,0,0,0,0.5,0,4.2,0,0,0,0,0,0,0,23.4,0,0,0,0,0,19.1,0,0,0,0,5,0,5.7,0,0,0,0,0,0,0,0,0,0,0,0,0,0,0,0,0,0,0,0,0,1.3,0,0,0,0,0,0,0,0,0,0,0,0,0,0,0,0,0,0,0,0,0,0,0,0,0,0,0,0,0,0,0,0,0,0,0,0,0,0,0.5,Costa Rica,0,0,America
Cerrophidion sasai,https://www.ncbi.nlm.nih.gov/pubmed/22212456,32.8,0,0,0,0,7.5,0,0,0,0,0,0.5,0,4.2,0,0,0,0,0,0,0,23.4,0,0,0,0,0,19.1,0,0,0,0,5,0,5.7,0,0,0,0,0,0,0,0,0,0,0,0,0,0,0,0,0,0,0,0,0,1.3,0,0,0,0,0,0,0,0,0,0,0,0,0,0,0,0,0,0,0,0,0,0,0,0,0,0,0,0,0,0,0,0,0,0,0,0,0.5,0,0,Costa Rica,0,0,America
Crotalus adamanteus,https://www.ncbi.nlm.nih.gov/pubmed/24231107,0,0,4,12,0,0,0,0,0,0,0,5,0,2.8,0,0,0,0,0,0,0,28,0,0,0,0,0,25,0,0,0,0,0.2,0,0,0,0,0,0,0,0,23,0,0,0,0,0,0,0,0,0,0,0,0,0,0,0,0,0,0,0,0,0,0,0,0,0,0,0,0,0,0,0,0,0,0,0,0,0,0,0,0,0,0,0,0,0,0,0,0,0,0,0,0,0,0,USA,0,0,America
Crotalus atrox,https://www.ncbi.nlm.nih.gov/pubmed/19371136,0,22.11,0,26.95,0,0,0,6.12,0,0,0,1.68,0,4.24,0,0,0,0,0,0,0,7.21,0,0,0,0,0,19.55,0,0,0,0,7.9,0,0.89,1.09,1.09,0,0.99,0,0,0,0,0,0,0,0,0,0,0,0,0,0,0,0,0,0,0,0,0,0,0,0.1,0,0,0,0,0,0,0,0,0,0,0,0,0,0,0,0,0,0,0,0,0,0,0,0,0,0,0,0,0,0,0.1,0,0,Origin unknown,0,0,Origin unknown
Crotalus basiliscus,https://www.ncbi.nlm.nih.gov/pubmed/28238904,68,0,0,0,4,0,0,0,0,0,0,0,0,0,0,0,0,0,0,0,0,14,0,0,0,0,0,11,0,0,0,0,0,0,2,0,0,0,0,0,0,0,0,0,0,0,0,0,0,0,0,0,0,0,0,0,0,0,0,0,0,0,0,0,0,0,0,0,0,0,0,0,0,0,0,0,0,0,0,0,0,0,0,0,0,0,0,0,0,0,0,0,0,0,0,1,Mexico,0,0,America
Crotalus durissus cascavella,https://www.ncbi.nlm.nih.gov/pubmed/20542151,0,0,0,0.1,0,0.2,0,0,0,0,0,0.1,0,0.9,0,0,0,0,0,0,0,18.1,0,0,0,0,72.5,1.2,0,0,0,0,0.1,0,0,0,1.1,0,0,0,0,0,0,0,0,0,0,0,0,0,0,0,0,0,0,0,0,0,0,0,0,0,0,0,0,0,0,0,0,0,0,0,0,0,0,0,0,0,0,0,0,0,0,0,0,0,0,0,0,0,0,0,0,0,0,5.7,Brazil,0,0,America
Crotalus durissus collilineatus,https://www.ncbi.nlm.nih.gov/pubmed/20542151,0,0,0,2.28,0,0.4,0,0,0,0,0,0.1,0,1.58,0,0,0,0,0,0,0,11.19,0,0,0,0,78.81,0.5,0,0,0,0,2.57,0,0,0,2.57,0,0,0,0,0,0,0,0,0,0,0,0,0,0,0,0,0,0,0,0,0,0,0,0,0,0,0,0,0,0,0,0,0,0,0,0,0,0,0,0,0,0,0,0,0,0,0,0,0,0,0,0,0,0,0,0,0,0,0,Brazil,0,0,America
Crotalus durissus collilineatus,https://www.ncbi.nlm.nih.gov/pubmed/20542151,0,0,0,0.4,0,0.5,0,0,0,0,0,0.1,0,1.8,0,0,0,0,0,0,0,4.6,0,0,0,0,67.33,1.9,0,0,0,0,0.5,0,0,0,2.1,0,0,0,0,0,0,0,0,0,0,0,0,0,20.78,0,0,0,0,0,0,0,0,0,0,0,0,0,0,0,0,0,0,0,0,0,0,0,0,0,0,0,0,0,0,0,0,0,0,0,0,0,0,0,0,0,0,0,0,0,Brazil,0,0,America
Crotalus durissus cumanensis,https://www.ncbi.nlm.nih.gov/pubmed/19863078,0,6.8,0,58,0,7.9,0,0,0,0,0,2.5,0,0,0,0,0,0,0,0,0,3.4,0,0,0,0,2.6,1.9,0,0,0,0,2.7,0,0,1.1,0,0,0,0,0,0,0,0,0,0,0,0,0,0,13.1,0,0,0,0,0,0,0,0,0,0,0,0,0,0,0,0,0,0,0,0,0,0,0,0,0,0,0,0,0,0,0,0,0,0,0,0,0,0,0,0,0,0,0,0,0,Venezuela,0,0,America
Crotalus durissus durissus,https://www.ncbi.nlm.nih.gov/pubmed/19863078,0,0,0,2.4,0,0,0,0,0,0,0,0.2,0,0,0,0,0,0,0,0,0,2,0,0,0,0,67.86,5.09,0,0,0,0,3.59,0,0,0.9,0,0,0,0,0,0,0,0,0,0,0,0,0,0,17.96,0,0,0,0,0,0,0,0,0,0,0,0,0,0,0,0,0,0,0,0,0,0,0,0,0,0,0,0,0,0,0,0,0,0,0,0,0,0,0,0,0,0,0,0,0,Guyana,0,0,America
Crotalus durissus ruruima,https://www.ncbi.nlm.nih.gov/pubmed/19863078,0,0,0,2.9,0,0,0,0,0,0,0,4.3,0,0,0,0,0,0,0,0,0,0,0,0,0,0,82.62,8.09,0,0,0,0,0.5,0,0,0.1,0,0,0,0,0,0,0,0,0,0,0,0,0,0,1.5,0,0,0,0,0,0,0,0,0,0,0,0,0,0,0,0,0,0,0,0,0,0,0,0,0,0,0,0,0,0,0,0,0,0,0,0,0,0,0,0,0,0,0,0,0,Brazil,0,0,America
Crotalus durissus terrificus,https://www.ncbi.nlm.nih.gov/pubmed/19863078,0,0,0,4.8,0,0,0,0,0,0,0,1.7,0,0,0,0,0,0,0,0,0,0,0,0,0,0,59.5,8.2,0,0,0,0,4.5,0,0.5,1.8,0,0,0,0,0,0,0,0,0,0,0,0,0,0,19,0,0,0,0,0,0,0,0,0,0,0,0,0,0,0,0,0,0,0,0,0,0,0,0,0,0,0,0,0,0,0,0,0,0,0,0,0,0,0,0,0,0,0,0,0,Brazil,0,0,America
Crotalus durissus terrificus,https://www.ncbi.nlm.nih.gov/pubmed/20205475,3.9,0,0,0,0,0,0,0,0,0,0,0,0,0,0,0,0,0,0,0,0,48.5,0,0,0,0,0,25.3,0,0,0,0,0,0,0,0,0,0,0,0,0,0,0,0,0,0,0,0,0,0,0,0,0,0,1.9,0,1.9,0,7.8,0,0,0,1,0,0,0,0,0,0,0,0,0,0,0,0,0,0,0,0,0,0,0,0,0,0,0,0,0,0,0,0,0,0,9.7,0,0,Origin unknown,0,0,Origin unknown
Crotalus oreganus helleri,https://www.ncbi.nlm.nih.gov/pubmed/24463169,0,0,0,0,23.67,0,0,0,0,0,0,9.17,0,15.39,0,0,0,0,0,0,0,3.86,0,0,0,0,0,0,0,0,0,10.05,4.15,0,7.69,0,0,0,0,0,0,0,0,0,0,0,0,0,0,0,25.3,0,0,0,0.73,0,0,0,0,0,0,0,0,0,0,0,0,0,0,0,0,0,0,0,0,0,0,0,0,0,0,0,0,0,0,0,0,0,0,0,0,0,0,0,0,0,USA,0,0,America
Crotalus oreganus helleri,https://www.ncbi.nlm.nih.gov/pubmed/24463169,0,0,0,0,26.34,0.78,0,0,0,0,0,0,0,2.98,0,0,0,0,0,0,0,2.52,0,0,0,0,0,0,0,0,0,22.16,5.26,0,9.53,0,1.67,0,0,0,0,0,0,0,0,0,0,0,0,0,28.77,0,0,0,0,0,0,0,0,0,0,0,0,0,0,0,0,0,0,0,0,0,0,0,0,0,0,0,0,0,0,0,0,0,0,0,0,0,0,0,0,0,0,0,0,0,USA,0,0,America
Crotalus oreganus helleri,https://www.ncbi.nlm.nih.gov/pubmed/24463169,0,0,0,0,0.3,1.7,0,0,0,0,0,0,0,0,0,0,0,0,0,0,0,29.53,0,0,0,0,0,0,0,0,0,21.26,5.48,0,1.08,0,0,0,0,0,0,0,0,0,0,0,0,0,0,0,40.64,0,0,0,0,0,0,0,0,0,0,0,0,0,0,0,0,0,0,0,0,0,0,0,0,0,0,0,0,0,0,0,0,0,0,0,0,0,0,0,0,0,0,0,0,0.01,USA,0,0,America
Crotalus oreganus helleri,https://www.ncbi.nlm.nih.gov/pubmed/24463169,0,0,0,0,51.01,3.08,0,0,0,0,0,1.5,0,1.45,0,0,0,0,0,0,0,5.05,0,0,0,0,0,0,0,0,0,16.31,7.99,0,6.36,0,0,0,0,0,0,0,0,0,0,0,0,0,0,0,7.23,0,0,0,0,0,0,0,0,0,0,0,0,0,0,0,0,0,0,0,0,0,0,0,0,0,0,0,0,0,0,0,0,0,0,0,0,0,0,0,0,0,0,0,0,0.02,USA,0,0,America
Crotalus oreganus helleri,https://www.ncbi.nlm.nih.gov/pubmed/24463169,0,0,0,0,16.91,1.35,0,0,0,0,0,0,0,3.85,0,0,0,0,0,0,0,3.47,0,0,0,0,0,0,0,0,0,20.2,4.52,0,8.58,0,0.92,0,0,0,0,0,0,0,0,0,0,0,0,0,40.17,0,0,0,0,0,0,0,0,0,0,0,0,0,0,0,0,0,0,0,0,0,0,0,0,0,0,0,0,0,0,0,0,0,0,0,0,0,0,0,0,0,0,0,0,0.03,USA,0,0,America
Crotalus oreganus helleri,https://www.ncbi.nlm.nih.gov/pubmed/24463169,0,0,0,0,0.1,2.58,0,0,0,0,0,0,0,0,0,0,0,0,0,0,0,27.54,0,0,0,0,0,0,0,0,0,11.86,2.89,0,3.54,0,0,0,0,0,0,0,0,0,0,0,0,0,0,0,51.39,0,0,0,0,0,0,0,0,0,0,0,0,0,0,0,0,0,0,0,0,0,0,0,0,0,0,0,0,0,0,0,0,0,0,0,0,0,0,0,0,0,0,0,0,0.1,USA,0,0,America
Crotalus oreganus helleri,https://www.ncbi.nlm.nih.gov/pubmed/24463169,0,0,0,0,0,0.15,0,0,0,0,0,0,0,0,0,0,0,0,0,0,0,16.95,0,0,0,0,0,0,0,0,0,16.25,3.8,0,1.66,0,0,0,0,0,0,0,0,0,0,0,0,0,0,0,60.99,0,0,0,0,0,0,0,0,0,0,0,0,0,0,0,0,0,0,0,0,0,0,0,0,0,0,0,0,0,0,0,0,0,0,0,0,0,0,0,0,0,0,0,0,0.2,USA,0,0,America
Crotalus oreganus helleri,https://www.ncbi.nlm.nih.gov/pubmed/24463169,0,0,0,0,18.2,1.17,0,0,0,0,0,0.85,0,4.68,0,0,0,0,0,0,0,3.32,0,0,0,0,0,0,0,0,0,25.26,8.7,0,5.89,0,0,0,0,0,0,0,0,0,0,0,0,0,0,0,31.58,0,0,0,0,0,0,0,0,0,0,0,0,0,0,0,0,0,0,0,0,0,0,0,0,0,0,0,0,0,0,0,0,0,0,0,0,0,0,0,0,0,0,0,0,0.35,USA,0,0,America
Crotalus oreganus helleri,https://www.ncbi.nlm.nih.gov/pubmed/24463169,0,0,0,0,33.36,1.26,0,0,0,0,0,0,0,2.39,0,0,0,0,0,0,0,2.94,0,0,0,0,0,0,0,0,0,18.51,7.52,0,9.63,0,0,0,0,0,0,0,0,0,0,0,0,0,0,0,23.48,0,0,0,0,0,0,0,0,0,0,0,0,0,0,0,0,0,0,0,0,0,0,0,0,0,0,0,0,0,0,0,0,0,0,0,0,0,0,0,0,0,0,0,0,0.91,USA,0,0,America
Crotalus oreganus helleri,https://www.ncbi.nlm.nih.gov/pubmed/24463169,0,0,0,0,14.88,0,0,0,0,0,0,9.5,0,18.49,0,0,0,0,0,0,0,2.73,0,0,0,0,0,0,0,0,0,13.95,7.11,0,9.22,0,0,0,0,0,0,0,0,0,0,0,0,0,0,0,22.84,0,0,0,0.15,0,0,0,0,0,0,0,0,0,0,0,0,0,0,0,0,0,0,0,0,0,0,0,0,0,0,0,0,0,0,0,0,0,0,0,0,0,0,0,0,1.13,USA,0,0,America
Crotalus oreganus helleri,https://www.ncbi.nlm.nih.gov/pubmed/24463169,0,0,0,0,29.09,0,0,0,0,0,0,15.01,0,13.87,0,0,0,0,0,0,0,5.43,0,0,0,0,0,0,0,0,0,9.23,0,0,8.9,0,0,0,0,0,0,0,0,0,0,0,0,0,0,0,16.69,0,0,0,0.44,0,0,0,0,0,0,0,0,0,0,0,0,0,0,0,0,0,0,0,0,0,0,0,0,0,0,0,0,0,0,0,0,0,0,0,0,0,0,0,0,1.34,USA,0,0,America
Crotalus scutulatus scutulatus,https://www.ncbi.nlm.nih.gov/pubmed/22446891,0,8.07,0,49.6,0,0,0,0,0,0,0,0.1,0,0,0,0,0,0,0,0,0,0,0,0,0,11.06,0,24.5,0,0,0,0,1.1,5.08,0,0,0,0,0,0,0,0,0,0,0,0,0,0,0,0,0,0,0,0,0,0,0,0,0,0,0,0,0,0,0,0,0,0,0,0,0,0,0,0,0,0,0,0,0,0,0,0,0,0,0,0,0,0,0,0,0,0,0,0.5,0,0,USA,0,0,America
Crotalus scutulatus scutulatus,https://www.ncbi.nlm.nih.gov/pubmed/22446891,0,0,0,0.1,0,0,0,0,0,0,0,0,0,0,0,0,0,0,0,0,0,0,0,0,0,10.48,0,36.13,0,0,0,0,0.1,3.89,0,0,0,0,0,0,0,0,46.91,0,0,0,0,0,0,0,0,0,0,0,0,0,0,0,0,0,0,0,0,0,0,0,0,0,0,0,0,0,0,0,0,0,0,0,0,0,0,0,0,0,0,0,0,0,0,0,0,0,0,2.4,0,0,USA,0,0,America
Crotalus scutulatus scutulatus,https://www.ncbi.nlm.nih.gov/pubmed/22446891,0,0,0,0.1,0,0,0,0,0,0,0,0,0,0.1,0,0,0,0,0,0,0,0,0,0,0,6.89,0,41.52,0,0,0,0,0.1,3.19,0,0,0,0,0,0,0,0,45.21,0,0,0,0,0,0,0,0,0,0,0,0,0,0,0,0,0,0,0,0,0,0,0,0,0,0,0,0,0,0,0,0,0,0,0,0,0,0,0,0,0,0,0,0,0,0,0,0,0,0,2.89,0,0,USA,0,0,America
Crotalus scutulatus scutulatus,https://www.ncbi.nlm.nih.gov/pubmed/22446891,0,0,0,0.1,0,0,0,0,0,0,0,0,0,0,0,0,0,0,0,0,0,0,0,0,0,8.88,0,37.52,0,0,0,0,0.1,2.89,0,0,0,0,0,0,0,29.54,17.66,0,0,0,0,0,0,0,0,0,0,0,0,0,0,0,0,0,0,0,0,0,0,0,0,0,0,0,0,0,0,0,0,0,0,0,0,0,0,0,0,0,0,0,0,0,0,0,0,0,0,3.29,0,0,USA,0,0,America
Crotalus scutulatus scutulatus,https://www.ncbi.nlm.nih.gov/pubmed/22446891,0,0,0,0.1,0,0,0,0,0,0,0,0,0,0,0,0,0,0,0,0,0,0,0,0,0,12.77,0,28.84,0,0,0,0,1.3,3.39,0,0,0,0,0,0,0,34.03,17.27,0,0,0,0,0,0,0,0,0,0,0,0,0,0,0,0,0,0,0,0,0,0,0,0,0,0,0,0,0,0,0,0,0,0,0,0,0,0,0,0,0,0,0,0,0,0,0,0,0,0,2.3,0,0,USA,0,0,America
Crotalus scutulatus scutulatus,https://www.ncbi.nlm.nih.gov/pubmed/22446891,0,0,0,0.1,0,0,0,0,0,0,0,0,0,0.3,0,0,0,0,0,0,0,0,0,0,0,10.29,0,28.07,0,0,0,0,1.2,5.09,0,0,0,0,0,0,0,24.38,27.67,0,0,0,0,0,0,0,0,0,0,0,0,0,0,0,0,0,0,0,0,0,0,0,0,0,0,0,0,0,0,0,0,0,0,0,0,0,0,0,0,0,0,0,0,0,0,0,0,0,0,2.9,0,0,USA,0,0,America
Crotalus scutulatus scutulatus,https://www.ncbi.nlm.nih.gov/pubmed/22446891,0,0,0,0.1,0,0,0,0,0,0,0,0,0,0,0,0,0,0,0,0,0,0,0,0,0,7.59,0,32.07,0,0,0,0,0.8,1.7,0,0,0,0,0,0,0,19.18,35.66,0,0,0,0,0,0,0,0,0,0,0,0,0,0,0,0,0,0,0,0,0,0,0,0,0,0,0,0,0,0,0,0,0,0,0,0,0,0,0,0,0,0,0,0,0,0,0,0,0,0,2.9,0,0,USA,0,0,America
Crotalus scutulatus scutulatus,https://www.ncbi.nlm.nih.gov/pubmed/22446891,0,0,0,0.3,0,0,0,0,0,0,0,0,0,0.1,0,0,0,0,0,0,0,0,0,0,0,8.89,0,29.77,0,0,0,0,1.1,4.4,0,0,0,0,0,0,0,0,53.25,0,0,0,0,0,0,0,0,0,0,0,0,0,0,0,0,0,0,0,0,0,0,0,0,0,0,0,0,0,0,0,0,0,0,0,0,0,0,0,0,0,0,0,0,0,0,0,0,0,0,2.2,0,0,USA,0,0,America
Crotalus scutulatus scutulatus,https://www.ncbi.nlm.nih.gov/pubmed/22446891,0,8.99,0,50.15,0,0,0,0,0,0,0,0.2,0,0,0,0,0,0,0,0,0,0,0,0,0,12.09,0,21.88,0,0,0,0,1.3,5.29,0,0,0,0,0,0,0,0,0,0,0,0,0,0,0,0,0,0,0,0,0,0,0,0,0,0,0,0,0,0,0,0,0,0,0,0,0,0,0,0,0,0,0,0,0,0,0,0,0,0,0,0,0,0,0,0,0,0,0,0.1,0,0,USA,0,0,America
Crotalus scutulatus scutulatus,https://www.ncbi.nlm.nih.gov/pubmed/22446891,0,0,0,0.1,0,0,0,0,0,0,0,0,0,0,0,0,0,0,0,0,0,0,0,0,0,10.79,0,30.87,0,0,0,0,1.4,1.9,0,0,0,0,0,0,0,12.49,39.66,0,0,0,0,0,0,0,0,0,0,0,0,0,0,0,0,0,0,0,0,0,0,0,0,0,0,0,0,0,0,0,0,0,0,0,0,0,0,0,0,0,0,0,0,0,0,0,0,0,0,2.8,0,0,USA,0,0,America
Crotalus scutulatus scutulatus,https://www.ncbi.nlm.nih.gov/pubmed/22446891,0,0,0,1.1,0,0,0,0,0,0,0,0,0,0.3,0,0,0,0,0,0,0,0,0,0,0,10.8,0,30.1,0,0,0,0,0.7,2.2,0,0,0,0,0,0,0,23.9,27.6,0,0,0,0,0,0,0,0,0,0,0,0,0,0,0,0,0,0,0,0,0,0,0,0,0,0,0,0,0,0,0,0,0,0,0,0,0,0,0,0,0,0,0,0,0,0,0,0,0,0,3.3,0,0,USA,0,0,America
Crotalus scutulatus scutulatus,https://www.ncbi.nlm.nih.gov/pubmed/22446891,0,9.6,0,45,0,0,0,0,0,0,0,0.2,0,0,0,0,0,0,0,0,0,0,0,0,0,15.2,0,23.8,0,0,0,0,1.2,4.8,0,0,0,0,0,0,0,0,0,0,0,0,0,0,0,0,0,0,0,0,0,0,0,0,0,0,0,0,0,0,0,0,0,0,0,0,0,0,0,0,0,0,0,0,0,0,0,0,0,0,0,0,0,0,0,0,0,0,0,0.2,0,0,USA,0,0,America
Crotalus scutulatus scutulatus,https://www.ncbi.nlm.nih.gov/pubmed/22446891,0,7.1,0,41.1,0,0,0,0,0,0,0,0.2,0,0,0,0,0,0,0,0,0,0,0,0,0,14.3,0,22.2,0,0,0,0,2.1,5.7,0,0,0,0,0,0,0,5.5,0,0,0,0,0,0,0,0,0,0,0,0,0,0,0,0,0,0,0,0,0,0,0,0,0,0,0,0,0,0,0,0,0,0,0,0,0,0,0,0,0,0,0,0,0,0,0,0,0,0,0,1.8,0,0,USA,0,0,America
Crotalus scutulatus scutulatus,https://www.ncbi.nlm.nih.gov/pubmed/22446891,0,7.8,0,44.9,0,0,0,0,0,0,0,0.1,0,0.1,0,0,0,0,0,0,0,0,0,0,0,13.6,0,18.9,0,0,0,0,1.5,4.7,0,0,0,0,0,0,0,0,7.6,0,0,0,0,0,0,0,0,0,0,0,0,0,0,0,0,0,0,0,0,0,0,0,0,0,0,0,0,0,0,0,0,0,0,0,0,0,0,0,0,0,0,0,0,0,0,0,0,0,0,0.8,0,0,USA,0,0,America
Crotalus scutulatus scutulatus,https://www.ncbi.nlm.nih.gov/pubmed/22446891,0,0,0,3.4,0,0,0,0,0,0,0,0,0,0,0,0,0,0,0,0,0,0,0,0,0,17.6,0,19.3,0,0,0,0,1.5,3.8,0,0,0,0,0,0,0,18.1,34.2,0,0,0,0,0,0,0,0,0,0,0,0,0,0,0,0,0,0,0,0,0,0,0,0,0,0,0,0,0,0,0,0,0,0,0,0,0,0,0,0,0,0,0,0,0,0,0,0,0,0,2.1,0,0,USA,0,0,America
Crotalus scutulatus scutulatus,https://www.ncbi.nlm.nih.gov/pubmed/22446891,0,0,0,0.1,0,0,0,0,0,0,0,0,0,0.3,0,0,0,0,0,0,0,0,0,0,0,15.6,0,40.2,0,0,0,0,0.7,4.6,0,0,0,0,0,0,0,0,35.9,0,0,0,0,0,0,0,0,0,0,0,0,0,0,0,0,0,0,0,0,0,0,0,0,0,0,0,0,0,0,0,0,0,0,0,0,0,0,0,0,0,0,0,0,0,0,0,0,0,0,2.6,0,0,USA,0,0,America
Crotalus scutulatus scutulatus,https://www.ncbi.nlm.nih.gov/pubmed/22446891,0,0,0,0.1,0,0,0,0,0,0,0,0,0,0.2,0,0,0,0,0,0,0,0,0,0,0,8.7,0,33.5,0,0,0,0,0.1,3.8,0,0,0,0,0,0,0,0,51.4,0,0,0,0,0,0,0,0,0,0,0,0,0,0,0,0,0,0,0,0,0,0,0,0,0,0,0,0,0,0,0,0,0,0,0,0,0,0,0,0,0,0,0,0,0,0,0,0,0,0,2.2,0,0,USA,0,0,America
Crotalus scutulatus scutulatus,https://www.ncbi.nlm.nih.gov/pubmed/22446891,0,0,0,0.1,0,0,0,0,0,0,0,0,0,0.1,0,0,0,0,0,0,0,0,0,0,0,7.6,0,41.5,0,0,0,0,0.1,3.9,0,0,0,0,0,0,0,0,43.9,0,0,0,0,0,0,0,0,0,0,0,0,0,0,0,0,0,0,0,0,0,0,0,0,0,0,0,0,0,0,0,0,0,0,0,0,0,0,0,0,0,0,0,0,0,0,0,0,0,0,2.8,0,0,USA,0,0,America
Crotalus scutulatus scutulatus,https://www.ncbi.nlm.nih.gov/pubmed/22446891,0,3.5,0,15.9,0,0,0,0,0,0,0,0,0,0,0,0,0,0,0,0,0,0,0,0,0,16.5,0,9.6,0,0,0,0,1.2,4.1,0,0,0,0,0,0,0,26.2,21.2,0,0,0,0,0,0,0,0,0,0,0,0,0,0,0,0,0,0,0,0,0,0,0,0,0,0,0,0,0,0,0,0,0,0,0,0,0,0,0,0,0,0,0,0,0,0,0,0,0,0,1.6,0,0.2,USA,0,0,America
Crotalus scutulatus scutulatus,https://www.ncbi.nlm.nih.gov/pubmed/22446891,0,0,0,0.1,0,0,0,0,0,0,0,0,0,0.1,0,0,0,0,0,0,0,0,0,0,0,7.4,0,41.1,0,0,0,0,0.1,3.5,0,0,0,0,0,0,0,0,44.1,0,0,0,0,0,0,0,0,0,0,0,0,0,0,0,0,0,0,0,0,0,0,0,0,0,0,0,0,0,0,0,0,0,0,0,0,0,0,0,0,0,0,0,0,0,0,0,0,0,0,2.8,0,0.8,USA,0,0,America
Crotalus scutulatus scutulatus,https://www.ncbi.nlm.nih.gov/pubmed/22446891,0,7.7,0,46.9,0,0,0,0,0,0,0,0.1,0,0,0,0,0,0,0,0,0,0,0,0,0,13.8,0,23.9,0,0,0,0,1.1,4.6,0,0,0,0,0,0,0,0,0,0,0,0,0,0,0,0,0,0,0,0,0,0,0,0,0,0,0,0,0,0,0,0,0,0,0,0,0,0,0,0,0,0,0,0,0,0,0,0,0,0,0,0,0,0,0,0,0,0,0,0.9,0,1,USA,0,0,America
Crotalus simus,https://www.ncbi.nlm.nih.gov/pubmed/19863078,0,0,0,2,0,2.1,0,0,0,0,0,0,0,0,0,0,0,0,0,0,0,3.2,0,0,0,0,52.7,36,0,0,0,0,0,0,1.3,2.7,0,0,0,0,0,0,0,0,0,0,0,0,0,0,0,0,0,0,0,0,0,0,0,0,0,0,0,0,0,0,0,0,0,0,0,0,0,0,0,0,0,0,0,0,0,0,0,0,0,0,0,0,0,0,0,0,0,0,0,0,Costa Rica,0,0,America
Crotalus simus,https://www.ncbi.nlm.nih.gov/pubmed/19863078,0,22.5,0,49.2,0,8.1,0,0,0,0,0,0,0,0,0,0,0,0,0,0,0,3.5,0,0,0,0,4.1,5.3,0,0,0,0,3.8,0,2,1.5,0,0,0,0,0,0,0,0,0,0,0,0,0,0,0,0,0,0,0,0,0,0,0,0,0,0,0,0,0,0,0,0,0,0,0,0,0,0,0,0,0,0,0,0,0,0,0,0,0,0,0,0,0,0,0,0,0,0,0,0,Costa Rica,0,0,America
Crotalus simus culminatus,https://www.ncbi.nlm.nih.gov/pubmed/23727490,48.5,0,0,0,0,3.8,0,0,0,0,0,0.8,0,3.5,0,0,0,0,0,0,0,3.4,0,0,0,0,0,15.9,0,0,0,0,4.7,11.6,0,0,0,0,0,0,0,0,0,0,0,0,0,0,0,0,3.3,0,0,0,1,0,0,0,0,0,0,0,0,0,0,0,0,0,0,0,0,0,0,0,0,0,0,0,0,0,0,0,0,0,0,0,0,0,0,0,0,0,0,0,0,3.5,Mexico,0,0,America
Crotalus simus culminatus,https://www.ncbi.nlm.nih.gov/pubmed/28731347,0,20.18,0,25.67,7.89,2.7,0,0,0,0,0,0,0,5.59,0,0,0,0,0,0,0,3.8,0,0,0,0,0,16.48,0,0,0,0,11.59,0,0,0,0,0,0,0,0,0,0,0,0,0,0,0,0,0,5.99,0,0,0,0,0,0,0,0.1,0,0,0,0,0,0,0,0,0,0,0,0,0,0,0,0,0,0,0,0,0,0,0,0,0,0,0,0,0,0,0,0,0,0,0,0,0,Mexico,0,0,America
Crotalus simus culminatus,https://www.ncbi.nlm.nih.gov/pubmed/28731347,0,24.23,0,17.25,6.58,1.69,0,0,0,0,0,0.1,0,3.69,0,0,0,0,0,0,0,13.46,0,0,0,0,0,13.06,0,0,0,0,8.87,0,0,0,0,0,0,0,0,0,0,0,0,0,0,0,0,0,11.07,0,0,0,0,0,0,0,0,0,0,0,0,0,0,0,0,0,0,0,0,0,0,0,0,0,0,0,0,0,0,0,0,0,0,0,0,0,0,0,0,0,0,0,0,0,Mexico,0,0,America
Crotalus simus simus,https://www.ncbi.nlm.nih.gov/pubmed/23727490,27.4,0,0,0,0,1.5,0,0,0,0,0,0.6,0,1,0,0,0,0,0,0,0,8.1,0,0,0,0,14.3,30.4,0,0,0,0,5.7,6.5,0,0,0,0,0,0,0,0,0,0,0,0,0,0,0,0,0,0,0,0,1.1,0,0.5,0,0,0,0,0,0,0,0,0,0,0,0,0,0,0,0,0,0,0,0,0,0,0,0,0,0,0,0,0,0,0,0,0,0,0,0,0,0,2.9,Mexico,0,0,America
Crotalus simus simus,https://www.ncbi.nlm.nih.gov/pubmed/28731347,0,0,8.7,23.1,6.6,4.3,0,0,0,0,0,0.1,0,3.9,0,0,0,0,0,0,0,3.9,0,0,0,0,16.8,23.7,0,0,0,0,3.5,0,0,2.1,1,0,0,0,0,0,0,0,0,0,0,0,0,0,0,0,0,0,0,0,1.1,0,0,0,0,0,0,0,0,0,0,0,0,0,0,0,0,0,0,0,0,0,0,0,0,0,0,0,0,0,0,0,0,0,0,0,0,0,0,1.2,Mexico,0,0,America
Crotalus simus simus,https://www.ncbi.nlm.nih.gov/pubmed/28731347,0,0,0,5.23,1.68,0,0,0,0,0,0,0,0,10.96,0,0,0,0,0,0,0,9.97,0,0,0,0,25.86,32.28,0,0,0,0,1.97,0,5.53,1.18,3.55,0,0,0,0,0,0,0,0,0,0,0,0,0,0,0,0,0,0,0,1.78,0,0,0,0,0,0,0,0,0,0,0,0,0,0,0,0,0,0,0,0,0,0,0,0,0,0,0,0,0,0,0,0,0,0,0,0,0,0,0,Mexico,0,0,America
Crotalus simus tzabcan,https://www.ncbi.nlm.nih.gov/pubmed/28731347,0,16.1,0,15.7,6.3,5.1,0,0,0,0,0,10.4,0,0,0,0,0,0,0,0,0,2.6,0,0,0,0,3,15.4,0,0,0,0,1.95,0,0,2.6,0,0,0,0,0,0,0,0,0,0,0,0,0,0,18.5,0,0,0,0,0,0.6,0,0,0,0,0,0.3,0,0,0,0,0,0,0,0,0,0,0,0,0,0,0,0,0,0,0,0,0,0,0,0,0,0,0,0,0,0,0,0,1.45,Mexico,0,0,America
Crotalus simus tzabcan,https://www.ncbi.nlm.nih.gov/pubmed/28731347,0,3.79,0,2.87,2.31,0,0,0,0,0,0,4.9,0,0,0,0,0,0,0,0,0,13.5,0,0,0,0,0.18,18.31,0,0,0,0,4.25,0,0,4.9,0.18,0,0,0,0,0,0,0,0,0,0,0,0,0,35.05,0,0,0,0.74,0,8.88,0,0.13,0,0,0,0,0,0,0,0,0,0,0,0,0,0,0,0,0,0,0,0,0,0,0,0,0,0,0,0,0,0,0,0,0,0,0,0,0,Mexico,0,0,America
Crotalus tigris,https://www.ncbi.nlm.nih.gov/pubmed/22181673,0,0,0,0.1,0,0.2,0,0,0,0,0,0,0,1.9,0,0,0,0,0,0,0,0,0,0,0,0,0,26.75,0,0,0,0,0,0,0,0,4.99,0,0,0,0,0,66.07,0,0,0,0,0,0,0,0,0,0,0,0,0,0,0,0,0,0,0,0,0,0,0,0,0,0,0,0,0,0,0,0,0,0,0,0,0,0,0,0,0,0,0,0,0,0,0,0,0,0,0,0,0,Origin unknown,0,0,Origin unknown
Crotalus viridis viridis,https://www.ncbi.nlm.nih.gov/pubmed/25819372,0,2.19,6.63,12.15,8.18,0.7,0,0,0,0,0,1.81,0,4.65,0,0,0,0,0,0,0.11,0,0,0,0,15.67,0,19.88,0,0,0,0,11.46,0,10.78,0,0,0,0,0,0,5.49,0,0,0,0,0,0.21,0,0,0,0,0,0,0,0,0,0,0,0,0,0,0.11,0,0,0,0,0,0,0,0,0,0,0,0,0,0,0,0,0,0,0,0,0,0,0,0,0,0,0,0,0,0,0,0,0,USA,0,0,America
Crotalus viridis viridis,https://www.ncbi.nlm.nih.gov/pubmed/25819372,0,2.84,3.67,4.82,0.1,0.14,0,0,0,0,0,3.32,0,2.12,0,0,0,0,0,0,0.12,0,0.39,0,0,10.13,0,26.72,0,0,0,0,2.84,0,6.46,0,0,0,0,0,0,35.45,0,0,0,0,0,0.62,0,0,0,0,0,0,0,0,0,0,0,0,0,0,0.26,0,0,0,0,0,0,0,0,0,0,0,0,0,0,0,0,0,0,0,0,0,0,0,0,0,0,0,0,0,0,0,0,0,USA,0,0,America
Crotalus viridis viridis,https://www.ncbi.nlm.nih.gov/pubmed/25819372,0,4.06,1.74,8.4,4.51,0.76,0,0,0,0,0,7.27,0,4.01,0,0,0,0,0,0,0.19,0,0,0,0,10.9,0,18.2,0,0,0,0,7.56,0,6.41,0,0,0,0,0,0,25.16,0,0,0,0,0,0,0,0,0,0,0,0,0,0,0,0,0,0,0,0,0.83,0,0,0,0,0,0,0,0,0,0,0,0,0,0,0,0,0,0,0,0,0,0,0,0,0,0,0,0,0,0,0,0,0,USA,0,0,America
Crotalus viridis viridis,https://www.ncbi.nlm.nih.gov/pubmed/25819372,0,6.97,0.93,3.02,0,0.13,0,0,0,0,0,1.75,0,3.88,0,0,0,0,0,0,0,0,0,0,0,7.69,0,26.82,0,0,0,0,0,0,8.23,0,0,0,0,0,0,38.07,0,0,0,0,0,0.52,0,0,0,0,0,0,0,0,0,0,0,0,0,0,0.12,0,0,0,0,0,0,0,0,0,0,0,0,0,0,0,0,0,0,0,0,0,0,0,0,0,0,0,0,0,0,0,0,1.87,USA,0,0,America
Daboia russelii,https://www.ncbi.nlm.nih.gov/pubmed/26342672,6.9,0,0,0,0,0,0,0,0,0,0,22.4,0,2,0,0,0,0,0,0,0.1,35,0,0,0,0,0,16,0,4.6,0,0,5.2,0,0,0,0,0,0,0,0,0,0,0,0,0,0,0,0,0,0,0,0,0,3.5,0,1.3,0,3,0,0,0,0,0,0,0,0,0,0,0,0,0,0,0,0,0,0,0,0,0,0,0,0,0,0,0,0,0,0,0,0,0,0,0,0,0,Sri Lanka,0,0,Eurasia
Daboia russelii,https://www.ncbi.nlm.nih.gov/pubmed/27936776,24.78,0,0,0,0,4.9,0,0,0,0,0,1.8,0,6.79,0,0,0,0,0,0,0.1,32.47,0,0,0,0,0,7.99,0,12.49,0,0,0.3,0,0,0,1.8,0,0,0,0,0,0,0,0,0,0,0,0,0,0,0,0,0,4.8,0,1.4,0,0.4,0,0,0,0,0,0,0,0,0,0,0,0,0,0,0,0,0,0,0,0,0,0,0,0,0,0,0,0,0,0,0,0,0,0,0,0,0,India,0,0,Eurasia
Daboia russelii russelii,https://www.ncbi.nlm.nih.gov/pubmed/27265321,21.8,0,0,0,0,0.4,0,0,0,0,0,6.4,0,2.6,0,0,0,0,0,0,0,32.8,0,0,0,0,0,3.2,0,28.4,0,0,0.6,0,0,0,1.5,0,0,0,0,0,0,0,0,0,0,0,0,0,0,0,0.2,0,0.4,0,0.6,0,0.6,0,0,0,0,0,0,0,0,0,0,0,0,0,0,0,0,0,0,0,0.2,0,0,0,0,0,0,0,0,0,0,0,0,0,0,0.2,0,0.1,Pakistan,0,0,Eurasia
Dendroaspis angusticeps,https://www.ncbi.nlm.nih.gov/pubmed/26877184,6.7,0,0,0,0,0,0,0,0,0,0,0,0,2,69.2,0,0,0,0,0,0,0,0,0,0,0,0,0,0,16.3,0,0,0,0,0,0,0,0,0,0,0,0,0,0,0,0,0,0,0,0,0,0,0.3,0.1,0.1,0,0,0,0,0,0.1,0,0,0,0,0,0,0,0,0,0,0,0.5,0,0,0,0,0,0,0,0,0,0,0,0,0,0,0,0,0,0,0,0,0,0,4.7,Tanzania,0,0,Africa
Dendroaspis polylepis,https://www.ncbi.nlm.nih.gov/pubmed/25688917,3.2,0,0,0,0,0,0,0,0,0,0,0,0,0,31,0,0,0,0,0,0,0.1,0,0,0,0,0,0,0,61.1,0,0,0,0,0,0,0.1,0,2.9,0,0,0,0,0,0,0,0,0,0,0,0,0,0.5,0.4,0.3,0,0.1,0,0,0,0.3,0,0,0,0,0,0,0,0,0,0,0,0,0,0,0,0,0,0,0,0,0,0,0,0,0,0,0,0,0,0,0,0,0,0,0,Kenya,0,0,Africa
Drysdalia coronoides,https://www.ncbi.nlm.nih.gov/pubmed/26169672,0,0,0,0,0,0,0,0,0,0,0,0,0,2.8,86.4,0,0,0,0,0,0,0,0,0,0,0,0,0,0,9.2,0,0,0,0,0,0,0,0,0,0,0,0,0,0,0,0,0,0,0,0,0,0,0,0,0,0,0,0,0,0,0,0,0,0,0,0,0,0,0,0,0,0,0,0,0,0,0,0,0,0,0,0,0,0,0,0,0,0,0,0,0,0,0,0,0,1.6,Adult,0,0,Adult
Echis ocellatus,https://www.ncbi.nlm.nih.gov/pubmed/19026773,0,6.33,0.09,56.05,0.47,6.33,3.63,0,0,0,2.7,6.52,1.58,1.4,0,0,0,0,0,0,0,11.73,0,0,0,0,0,1.86,0,0,0,0,1.3,0,0,0,0,0,0,0,0,0,0,0,0,0,0,0,0,0,0,0,0,0,0,0,0,0,0,0,0,0,0,0,0,0,0,0,0,0,0,0,0,0,0,0,0,0,0,0,0,0,0,0,0,0,0,0,0,0,0,0,0,0,0,0,Nigeria,0,0,Africa
Gloydius brevicaudus,https://www.ncbi.nlm.nih.gov/pubmed/24487038,0,0,14.3,50.1,0,4.6,0,0,0,0,0,0.2,0,1.1,0,0,0,0,0,0,0,25,0,0,0,0,0,3.7,0,0,0,0,0.9,0,0,0,0,0,0,0,0,0,0,0,0,0,0,0,0,0,0,0,0,0,0,0,0,0,0.1,0,0,0,0,0,0,0,0,0,0,0,0,0,0,0,0,0,0,0,0,0,0,0,0,0,0,0,0,0,0,0,0,0,0,0,0,0,China,0,0,Eurasia
Gloydius brevicaudus,https://www.ncbi.nlm.nih.gov/pubmed/24487038,0,0,13.5,52.2,0,7.4,0,0,0,0,0,4.8,0,2.5,0,0,0,0,0,0,0,13.4,0,0,0,0,0,4.5,0,0,0,0,1.7,0,0,0,0,0,0,0,0,0,0,0,0,0,0,0,0,0,0,0,0,0,0,0,0,0,0,0,0,0,0,0,0,0,0,0,0,0,0,0,0,0,0,0,0,0,0,0,0,0,0,0,0,0,0,0,0,0,0,0,0,0,0,0,Neonate,0,0,Neonate
Hydrophis cyanocinctus,https://www.ncbi.nlm.nih.gov/pubmed/22643073,0,0,0,0,0,0,0,0,0,0,0,0,0,0,0,0,0,51.7,29.4,0,0,18.9,0,0,0,0,0,0,0,0,0,0,0,0,0,0,0,0,0,0,0,0,0,0,0,0,0,0,0,0,0,0,0,0,0,0,0,0,0,0,0,0,0,0,0,0,0,0,0,0,0,0,0,0,0,0,0,0,0,0,0,0,0,0,0,0,0,0,0,0,0,0,0,0,0,0,Iran,0,0,Eurasia
Hydrophis platurus,https://www.ncbi.nlm.nih.gov/pubmed/24704853,0.9,0,0,0,0,0,0,0,0,0,0,0,0,9.1,49.9,0,0,0,0,0,0,32.9,0,0,0,0,0,0,0,0,0,0,0,0,0,0,0,0,0,0,0,0,0,0,0,0,0,0,0,0,0,0,0,0,0,0,0,0,0.8,0,0,0,0,0,0,1.8,0,1.1,2.1,0,0,0,0,0,0,0,0,0,0,0,0,0,0,0,0,0,0,0,0,0,0,0,0,0,0,1.4,Costa Rica,0,0,America
Hydrophis schistosus,https://www.ncbi.nlm.nih.gov/pubmed/26047715,0.5,0,0,0,0,0,0,0,0,0,0,0,0,1.3,0,0,0,55.8,14.7,0,0,0,6.1,21.4,0,0,0,0,0,0,0,0,0.2,0,0,0,0,0,0,0,0,0,0,0,0,0,0,0,0,0,0,0,0,0,0,0,0,0,0,0,0,0,0,0,0,0,0,0,0,0,0,0,0,0,0,0,0,0,0,0,0,0,0,0,0,0,0,0,0,0,0,0,0,0,0,0,Malaysia,0,0,Eurasia
Lachesis acrochorda,https://www.ncbi.nlm.nih.gov/pubmed/22982523,0,5.49,0,17.68,0,0,0,0,0,0,0,6.89,0,0.9,0,0,0,0,0,0,0,0,0,0,0,2.3,0,35.06,0,0,0,0,9.59,21.48,0,0,0.6,0,0,0,0,0,0,0,0,0,0,0,0,0,0,0,0,0,0,0,0,0,0,0,0,0,0,0,0,0,0,0,0,0,0,0,0,0,0,0,0,0,0,0,0,0,0,0,0,0,0,0,0,0,0,0,0,0,0,0,Colombia,0,0,America
Lachesis melanocephala,https://www.ncbi.nlm.nih.gov/pubmed/22982523,0,7.6,0,11.3,0,0,0,0,0,0,0,7.5,0,0,0,0,0,0,0,0,0,0,0,0,0,13.4,0,21,0,0,0,0,3.6,30.2,0,0,0.5,0,0,0,0,0,0,0,0,0,0,0,0,0,0,0,0,0,0,0,0,0,0,0,0,0,0,0,0,0,0,0,0,0,0,0,0,0,0,0,0,0,0,0,0,0,0,0,0,0,0,0,0,0,0,0,0,0,0,4.9,Costa Rica,0,0,America
Lachesis muta muta,https://www.ncbi.nlm.nih.gov/pubmed/18541473,0,19.4,0,12.5,0,0,0,0,0,0,0,7.9,0,1.8,0,0,0,0,0,0,0,8.7,0,0,0,0,0,31.2,0,0,0,0,2.7,14.7,0,0,0.6,0,0,0,0,0,0,0,0,0,0,0,0,0,0,0,0,0,0,0,0,0,0,0,0,0,0,0,0,0,0,0,0,0,0,0,0,0,0,0,0,0,0,0,0,0,0,0,0,0,0,0,0,0,0,0,0,0,0,0.5,Bolivia,0,0,America
Lachesis muta rhombeata,https://www.ncbi.nlm.nih.gov/pubmed/23747394,0,19.2,0,10.3,0,0,0,0,0,0,0,2.7,0,1.4,0,0,0,0,0,0,0,0,0,0,0,10.8,0,26.5,0,0,0,0,0.5,0,28,0,0.6,0,0,0,0,0,0,0,0,0,0,0,0,0,0,0,0,0,0,0,0,0,0,0,0,0,0,0,0,0,0,0,0,0,0,0,0,0,0,0,0,0,0,0,0,0,0,0,0,0,0,0,0,0,0,0,0,0,0,0,Brazil,0,0,America
Lachesis stenophrys,https://www.ncbi.nlm.nih.gov/pubmed/22982523,0,2.26,0,8.44,0,0,0,0,0,0,0,0,0,0,0,0,0,0,0,0,0,0,0,0,0,16.49,0,37,0,0,0,0,2.65,32.88,0,0,0.29,0,0,0,0,0,0,0,0,0,0,0,0,0,0,0,0,0,0,0,0,0,0,0,0,0,0,0,0,0,0,0,0,0,0,0,0,0,0,0,0,0,0,0,0,0,0,0,0,0,0,0,0,0,0,0,0,0,0,0,Costa Rica,0,0,America
Lachesis stenophrys,https://www.ncbi.nlm.nih.gov/pubmed/22982523,0,17.8,0,12.8,0,0,0,0,0,0,0,3.6,0,0,0,0,0,0,0,0,0,0,0,0,0,14.1,0,21.2,0,0,0,0,2.7,27.1,0,0,0.4,0,0,0,0,0,0,0,0,0,0,0,0,0,0,0,0,0,0,0,0,0,0,0,0,0,0,0,0,0,0,0,0,0,0,0,0,0,0,0,0,0,0,0,0,0,0,0,0,0,0,0,0,0,0,0,0,0,0,0.3,Costa Rica,0,0,America
Lachesis stenophrys,https://www.ncbi.nlm.nih.gov/pubmed/22982523,0,0,4.8,0,0,0,0,0,0,0,0,0,0,0,0,0,0,0,0,0,0,0,0,0,0,11.4,0,43.8,0,0,0,0,0.6,37.2,0,0,1.8,0,0,0,0,0,0,0,0,0,0,0,0,0,0,0,0,0,0,0,0,0,0,0,0,0,0,0,0,0,0,0,0,0,0,0,0,0,0,0,0,0,0,0,0,0,0,0,0,0,0,0,0,0,0,0,0,0,0,0.4,Costa Rica,0,0,America
Laticauda colubrina,https://www.ncbi.nlm.nih.gov/pubmed/28688916,0,0,0,0,0,0,0,0,0,0,0,0,0,0.05,0,0,0,16.94,48.87,0,0,33.26,0,0,0,0,0,0,0,0,0,0,0,0,0,0,0,0,0,0,0.31,0,0,0,0,0,0,0,0,0,0,0,0,0,0,0,0,0,0,0,0,0,0,0,0,0,0,0,0,0,0,0,0,0,0,0,0,0,0,0,0,0,0,0,0,0,0,0,0,0,0,0,0,0,0,0.57,Indonesia,0,0,Oceania
Macrovipera lebetina,https://www.ncbi.nlm.nih.gov/pubmed/16206329,66.34,0,0,0,0,0,0.99,0,0,0,5.94,9.9,0.99,0,0,0,0,0,0,0,0,3.96,0,0,0,0,0,8.91,0,0,0,0,0,0,0,0,1.98,0,0.99,0,0,0,0,0,0,0,0,0,0,0,0,0,0,0,0,0,0,0,0,0,0,0,0,0,0,0,0,0,0,0,0,0,0,0,0,0,0,0,0,0,0,0,0,0,0,0,0,0,0,0,0,0,0,0,0,0,Tunisia,0,0,Africa
Macrovipera lebetina,https://www.ncbi.nlm.nih.gov/pubmed/22387317,63.1,0,0,0,0,15.1,0,0,0,0,0,3.2,0.9,0,0,0,0,0,0,0,0,5,0,0,0,0,0,5.5,0,3.1,0,0,0,0,0,0,3.3,0,0.8,0,0,0,0,0,0,0,0,0,0,0,0,0,0,0,0,0,0,0,0,0,0,0,0,0,0,0,0,0,0,0,0,0,0,0,0,0,0,0,0,0,0,0,0,0,0,0,0,0,0,0,0,0,0,0,0,0,Tunisia,0,0,Africa
Macrovipera lebetina obtusa,https://www.ncbi.nlm.nih.gov/pubmed/18590992,0,27.36,0,4.23,0,0,2.76,0,0,0,8.37,14.57,1.67,2.56,0,0,0,0,0,0,0,14.37,0,0,0,0,0,14.67,0,0,0,0,1.67,0,2.61,2.56,0,0,2.61,0,0,0,0,0,0,0,0,0,0,0,0,0,0,0,0,0,0,0,0,0,0,0,0,0,0,0,0,0,0,0,0,0,0,0,0,0,0,0,0,0,0,0,0,0,0,0,0,0,0,0,0,0,0,0,0,0,Armenia,0,0,Eurasia
Macrovipera lebetina transmediterranea,https://www.ncbi.nlm.nih.gov/pubmed/18590992,0,0,0,66.34,0,0,0.99,0,0,0,5.94,9.9,0.99,0,0,0,0,0,0,0,0,3.96,0,0,0,0,0,8.91,0,0,0,0,0,0,0,0.5,1.98,0,0.5,0,0,0,0,0,0,0,0,0,0,0,0,0,0,0,0,0,0,0,0,0,0,0,0,0,0,0,0,0,0,0,0,0,0,0,0,0,0,0,0,0,0,0,0,0,0,0,0,0,0,0,0,0,0,0,0,0,Armenia,0,0,Eurasia
Macrovipera mauritanica,https://www.ncbi.nlm.nih.gov/pubmed/22387317,0,7.1,0,38.3,0,0,7.8,0,0,0,6,8.1,1.1,0,0,0,0,0,0,0,0,5.5,0,0,0,0,0,8.3,0,2.5,0,0,0,0,0,0,10.8,0,4.5,0,0,0,0,0,0,0,0,0,0,0,0,0,0,0,0,0,0,0,0,0,0,0,0,0,0,0,0,0,0,0,0,0,0,0,0,0,0,0,0,0,0,0,0,0,0,0,0,0,0,0,0,0,0,0,0,0,Morocco,0,0,Africa
Micropechis ikaheka,https://www.ncbi.nlm.nih.gov/pubmed/25109465,0,0,0,7.29,0,0,0,0,0,0,0,0,0.3,1.8,9.18,0,0,0,0,0,0,0,0,0,0,79.84,0,0.1,0,0.7,0,0,0.4,0,0,0,0,0,0,0,0,0,0,0,0,0,0,0,0,0,0,0.3,0,0,0,0,0,0,0.1,0,0,0,0,0,0,0,0,0,0,0,0,0,0,0,0,0,0,0,0,0,0,0,0,0,0,0,0,0,0,0,0,0,0,0,0,0,Papua New Guinea,0,0,Oceania
Micrurus alleni,https://www.ncbi.nlm.nih.gov/pubmed/26325292,1.2,0,0,0,0,0,0,0,0,0,0,1.8,0,0,77.3,0,0,0,0,0,0,10.9,0,0,0,0,0,0,0,0,0,0,3,0,0,0,0,0,0,0,0,0,0,0,0,0,0,0,0,0,0,0.2,0.8,0,0.1,0,0,0,0,0,0,0,0,0,0,0,0,0,0,0,0,0,0,0,0,0.1,0,0,0,0,0,0,0,0,0,0,0,0,0,0,0.1,0,0,3.9,0,0.6,Costa Rica,0,0,America
Micrurus altirostris,https://www.ncbi.nlm.nih.gov/pubmed/21515432,0,0,0,0.9,0,0,0,0,0,0,0,0.1,0,0.1,79.5,0,0,0,0,0,0,13.7,0,0,0,0,0,0,0,2.1,0,0,1.2,0,0,0,0,0,0,0,0,0,0,0,0,0,0,0,0,0,0,0,0,0,0,0,0,0,0,0,0,0,0,0,2.4,0,0,0,0,0,0,0,0,0,0,0,0,0,0,0,0,0,0,0,0,0,0,0,0,0,0,0,0,0,0,0,Brazil,0,0,America
Micrurus clarki,https://www.ncbi.nlm.nih.gov/pubmed/27164141,1.6,0,0,0,0,0,0,0,0,0,0,1.1,0,0,48.2,0,0,0,0,0,0.2,36.5,0,0,0,0,0,1,0,0.9,0,0,3.8,0,0,0,0,0,0,0,0,0,0,0,0,0,0,0,0,0,0,0,0,0,0,0,0,0,0,0,0,0,0,0,0,0,0,0,0,0,0,0,0,0,0,0.2,0,0,0,0,0,0,0,0,0,0,0,0,0,0,0,0,0,2.4,0,4.1,Costa Rica,0,0,America
Micrurus corallinus,https://www.ncbi.nlm.nih.gov/pubmed/21515432,0,0,0,2.4,0,0,0,0,0,0,0,0.9,0,0,81.7,0,0,0,0,0,0,11.9,0,0,0,0,0,0.8,0,0,0,0,2.3,0,0,0,0,0,0,0,0,0,0,0,0,0,0,0,0,0,0,0,0,0,0,0,0,0,0,0,0,0,0,0,0,0,0,0,0,0,0,0,0,0,0,0,0,0,0,0,0,0,0,0,0,0,0,0,0,0,0,0,0,0,0,0,Brazil,0,0,America
Micrurus dumerilii,https://www.ncbi.nlm.nih.gov/pubmed/26883873,1.8,0,0,0,0,0,0,0,0,0,0,1.1,0,0,28.1,0,0,0,0,0,0.1,52,0,0,0,0,0,1.9,0,9,0,0,3.1,0,0,0,0,0,2.4,0,0,0,0,0,0,0,0,0,0,0,0,0,0.1,0,0,0,0.1,0,0.1,0,0,0,0,0,0,0,0,0,0,0,0,0,0,0,0,0,0,0,0,0,0,0,0,0,0,0,0,0,0,0,0,0,0,0,0,0.2,Colombia,0,0,America
Micrurus mipartitus,https://www.ncbi.nlm.nih.gov/pubmed/21963438,3.59,0,0,0,0,0,0,0,0,0,0,0,0,0,82.83,0,0,0,0,0,0,8.18,0,0,0,0,0,0,0,1.9,0,0,3.19,0,0,0,0,0,0,0,0,0,0,0,0,0,0,0,0,0,0,0,0,0,0,0,0,0.3,0,0,0,0,0,0,0,0,0,0,0,0,0,0,0,0,0,0,0,0,0,0,0,0,0,0,0,0,0,0,0,0,0,0,0,0,0,0,Costa Rica,0,0,America
Micrurus mipartitus,https://www.ncbi.nlm.nih.gov/pubmed/21963438,1.6,0,0,0,0,0,0,0,0,0,0,1.1,0,0,61.1,0,0,0,0,0,0,29,0,0,0,0,0,1.3,0,1.9,0,0,4,0,0,0,0,0,0,0,0,0,0,0,0,0,0,0,0,0,0,0,0,0,0,0,0,0,0,0,0,0,0,0,0,0,0,0,0,0,0,0,0,0,0,0,0,0,0,0,0,0,0,0,0,0,0,0,0,0,0,0,0,0,0,0,Colombia,0,0,America
Micrurus mosquitensis,https://www.ncbi.nlm.nih.gov/pubmed/26325292,2.6,0,0,0,0,0,0,0,0,0,0,1.3,0,0,22.5,0,0,0,0,0,0,55.6,0,0,0,0,0,0.5,0,9.8,0,0,2.8,0,0,0,0,0,0,0,0,0,0,0,0,0,0,0,0,0,0,0,0,0,0.6,0,0.2,0,0.2,0,0,0,0,0,0,0,0,0,0,0,0,0,0,0,0,0,0,0,0,0,0,0,0,0,0,0,0,0,0,0.8,0,0,0,1.3,0,1.8,Costa Rica,0,0,America
Micrurus nigrocinctus,https://www.ncbi.nlm.nih.gov/pubmed/21280576,4.3,0,0,0,0,0,0,0,0,0,0,2.2,0,0,38,0,0,0,0,0,0,48,0,0,0,0,0,0.7,0,0,0,0,2.3,0,0,0,0,0,0,0,0,0,0,0,0,0,0,3.8,0,0,0,0,0,0,0,0,0,0,0.5,0,0,0,0,0,0,0,0,0,0,0,0,0,0,0,0,0,0,0,0,0,0,0,0,0,0,0,0,0,0,0,0,0,0,0,0,0.2,Costa Rica,0,0,America
Micrurus tschudii,https://www.ncbi.nlm.nih.gov/pubmed/27338473,0,0,0,0,0,0,0,0,0,0,0,0,0,0,93.7,0,0,0,0,0,0,4.04,0,0,0,0,0,0,0,1.57,0,0,0.69,0,0,0,0,0,0,0,0,0,0,0,0,0,0,0,0,0,0,0,0,0,0,0,0,0,0,0,0,0,0,0,0,0,0,0,0,0,0,0,0,0,0,0,0,0,0,0,0,0,0,0,0,0,0,0,0,0,0,0,0,0,0,0,Peru,0,0,America
Naja atra,https://www.ncbi.nlm.nih.gov/pubmed/26924299,1.6,0,0,0,0,0,0,0,0,0,0,0,0,1.8,84.3,0,0,0,0,0,0,12.2,0,0,0,0,0,0,0,0,0,0,0,0,0,0,0,0,0,0,0,0,0,0,0,0,0,0,0,0,0,0,0,0,0.1,0,0,0,0,0,0,0,0,0,0,0,0,0,0,0,0,0,0,0,0,0,0,0,0,0,0,0,0,0,0,0,0,0,0,0,0,0,0,0,0,1.42e-14,China,0,0,Eurasia
Naja atra,https://www.ncbi.nlm.nih.gov/pubmed/26196238,0.72,0,0,0,0,0,0,0,0,0,0,0,0,2.16,0,0,20.54,0,0,0,0,13.95,0,0,0,0,0,0,0,0,0,0,0.19,0,0,0,0,0.25,0,0,59.4,0,0,0,0,0,0,0,0,0,0,0,0,0,1.08,0,0,0,0.38,0,0,0,0,0,0,0,0,0,0,0,0,0,0,0,0,0,0,1.33,0,0,0,0,0,0,0,0,0,0,0,0,0,0,0,0,0,0,Taiwan,0,0,Eurasia
Naja haje legionis,https://www.ncbi.nlm.nih.gov/pubmed/24269350,9,0,0,0,0,0,0,0,0,0,0,0,0,10,60,0,0,0,0,0,0,4,0,0,0,0,0,0,0,1.9,0,0,1,0,0,0,0,0.1,0,0,0,0,0,0,0,0,0,0,0,0,0,0,0,0,5,0,0,1,0,0,0,0,0,0,0,0,0,0,0,0,0,0,0,0,0,0,0,0,0,0,0,0,0,0,0,0,0,0,0,0,0,0,0,0,0,8,Morocco,0,0,Africa
Naja kaouthia,https://www.ncbi.nlm.nih.gov/pubmed/25748141,1.59,0,0,0,0,0,0,0,0,0,0,0,0,0.8,0,0,0,9.16,0,19.22,0,17.33,0,0,0,0,0,0,0,0.1,0,0,0.5,0,0,0,0,0.7,0,2.99,44.72,0,0,0,0,0,0,0,0,0,0,0.2,0,0,1.29,0,0.4,0,0.2,0,0,0,0,0,0,0,0,0,0,0,0,0,0,0,0,0,0,0,0,0,0,0,0,0,0,0,0,0,0,0,0,0,0,0,0.4,0.4,Thailand,0,0,Eurasia
Naja kaouthia,https://www.ncbi.nlm.nih.gov/pubmed/25748141,2.6,0,0,0,0,0,0,0,0,0,0,0.4,0,2.3,0,0,0,7.69,33.27,8.89,0,12.19,0,0,0,0,0,0,0,0,0,0,1,0,0,0,0,1.1,0.2,0.8,27.57,0,0,0,0,0,0,0,0,0,0,0.7,0,0,0.5,0,0.3,0,0.2,0,0,0,0,0,0,0,0,0,0,0,0,0,0,0,0,0,0,0,0,0,0,0,0,0,0,0,0,0,0,0,0,0,0,0,0.2,0.1,Vietnam,0,0,Eurasia
Naja kaouthia,https://www.ncbi.nlm.nih.gov/pubmed/25748141,3.3,0,0,0,0,0,0,0,0,0,0,0.2,0,4.3,0,0,0,4.2,3.9,9.1,0,23.5,0,0,0,0,0,0,0,0.5,0,0,1.1,0,0,0,0,0.8,0,0.8,45.7,0,0,0,0,0,0,0,0,0,0,0.3,0,0,0.2,0,0.4,0,0.3,0,0,0,0,0,0,0,0,0,0,0,0,0,0,0,0,0,0,0,0,0,0,0,0,0,0,0,0,0,0,0,0,0,0,0,0.2,1.2,Thailand,0,0,Eurasia
Naja kaouthia,https://www.ncbi.nlm.nih.gov/pubmed/25771242,2.4,0,0,0,0,0,0,0,0,0,0,0.5,0,1.7,0,0,53.2,0,0,0,0,13.5,0,0,0,0,0,0,0,0,0,0,0.4,0,0,0,0,0.1,1.1,0,24.3,0,0,0,0,0,0,0.6,0,0,0,0,0,0,0.3,0,0.4,0,0,0,0.4,0,0,0,0,0,0.3,0,0,0,0,0,0,0,0,0,0,0,0,0,0,0,0,0,0,0,0,0,0,0,0,0,0,0,0,0.8,Malaysia,0,0,Eurasia
Naja kaouthia,https://www.ncbi.nlm.nih.gov/pubmed/28263888,1.1,0,0,0,0,0,0,0,0,0,0,0,0,5.39,0,0,0,8.69,4.6,14.89,0,26.87,0,0,0,0,0,0,0,0,0,0,0,0,0,0,0,0,0,0.4,27.87,0,0,0,0,0,0,9.19,0,0,0,0,0,0,1,0,0,0,0,0,0,0,0,0,0,0,0,0,0,0,0,0,0,0,0,0,0,0,0,0,0,0,0,0,0,0,0,0,0,0,0,0,0,0,0,0,China,0,0,Eurasia
Naja katiensis,https://www.ncbi.nlm.nih.gov/pubmed/21171584,0,0,0,3.3,0,0,0,0,0,0,0,0,0,0.2,67.03,0,0,0,0,0,0,28.97,0,0,0,0,0,0,0,0,0,0,0,0,0,0,0,0,0,0,0,0,0,0,0,0,0,0,0,0,0,0,0,0,0,0,0,0,0,0,0.2,0,0,0,0,0,0,0,0,0,0,0,0,0,0,0,0,0,0,0,0,0,0,0,0,0,0,0,0,0,0,0,0,0.3,0,0,Burkina Faso,0,0,Burkina Faso
Naja melanoleuca,https://www.ncbi.nlm.nih.gov/pubmed/27593527,9.7,0,0,0,0,0,0,0,0,0,0,0.6,0,7.6,57.1,0,0,0,0,0,0,12.9,0,0,0,0,0,0,0,3.8,0,0,0,0,0,0,0,0,0,0,0,0,0,0,0,0,0,0.5,0,0,0,0,0,0,0.4,0,1.1,0,0,0.3,0,0,0,0,0,0,0,0,0,0,0,0,0,0.3,2.5,0.9,1.1,0,0,0,0,0,0,0,0,0,0,0,0,0,0,0,0,0,0,1.2,Uganda,0,0,Africa
Naja mossambica,https://www.ncbi.nlm.nih.gov/pubmed/21171584,0,0,0,2.6,0,0,0,0,0,0,0,0,0,0,69.3,0,0,0,0,0,0,27.1,0,0,0,0,0,0,0,0,0,0,0,0,0,0,0,0,0,0,0,0,0,0,0,0,0,0,0,0,0,0,0,0,0,0,0,0,0,0,0.6,0,0,0,0,0,0,0,0,0,0,0,0,0,0,0,0,0,0,0,0,0,0,0,0,0,0,0,0,0,0,0,0,0.4,0,0,Tanzania,0,0,Africa
Naja naja,https://www.ncbi.nlm.nih.gov/pubmed/28062377,0.85,0,0,0,0,0,0,0,0,0,0,0,0,0,80.47,0,0,0,0,0,0,13.95,0,0,0,0,0,0,0.33,0,0,0,0,0,0,0,0,0,0,0,0,0,0,0,0,0,0,0,0,0,0,0,0,0,0.62,0,0,0,0,0,0,0,0,0,0,0,0,0,0,0,0,0,0,0,0,0,0,0,0,0,0,0,0,0,0,0,0,0,3.71,0,0,0,0,0,0,0.07,Sri Lanka,0,0,Eurasia
Naja naja,https://www.ncbi.nlm.nih.gov/pubmed/26506536,0.86,0,0,0,0,0,0,0,0,0,0,0,0,0,74.18,0,0,0,0,0,0,21.43,0,0,0,0,0,0,0.08,0,0,0,0,0,0,0,0,0,0,0,0,0,0,0,0,0,0,0,0,0,0,0,0,0,0.73,0,0,0,0,0,0,0,0,0,0,0,0,0,0,0,0,0,0,0,0,0,0,0,0,0,0,0,0,0,0,0,0,0,2.53,0,0,0,0,0,0,0.19,India,0,0,Eurasia
Naja naja,https://www.ncbi.nlm.nih.gov/pubmed/26506536,1,0,0,0,0,0,0,0,0,0,0,0,0,2.1,63.8,0,0,0,0,0,0,11.4,0,0,0,0,0,0.3,0,0.4,0,0,0.8,0,0,0,0,1.1,2,0,0,0,0,0,0,0,0,0,0,0,0,0,0,0,0.9,0,2.1,6.3,0.4,0,0,0,0,0,0,0,0,0,0,0,0,0,0,0,0,0,0,0,0,0,0,0,0,0,0,0,6,1.3,0,0,0,0,0,0,0,0.1,India,0,0,Eurasia
Naja nigricollis,https://www.ncbi.nlm.nih.gov/pubmed/21171584,0,0,0,2.4,0,0,0,0,0,0,0,0,0,0.2,73.3,0,0,0,0,0,0,21.9,0,0,0,0,0,0,0,0,0,0,0,0,0,0,0,0,0,0,0,0,0,0,0,0,1.7,0,0,0,0,0,0,0,0,0,0,0,0,0,0.3,0,0,0,0,0,0,0,0,0,0,0,0,0,0,0,0,0,0,0,0,0,0,0,0,0,0,0,0,0,0,0,0,0.2,0,0,Nigeria,0,0,Africa
Naja nubiae,https://www.ncbi.nlm.nih.gov/pubmed/21171584,0,0,0,2.6,0,0,0,0,0,0,0,0,0,0,70.9,0,0,0,0,0,0,26.4,0,0,0,0,0,0,0,0,0,0,0,0,0,0,0,0,0,0,0,0,0,0,0,0,0,0,0,0,0,0,0,0,0,0,0,0,0,0,0,0,0,0,0,0,0,0,0,0,0,0,0,0,0,0,0,0,0,0,0,0,0,0,0,0,0,0,0,0,0,0,0,0.1,0,0,Egypt,0,0,Egypt
Naja pallida,https://www.ncbi.nlm.nih.gov/pubmed/21171584,0,0,0,1.6,0,0,0,0,0,0,0,0,0,0,67.63,0,0,0,0,0,0,30.07,0,0,0,0,0,0,0,0,0,0,0,0,0,0,0,0,0,0,0,0,0,0,0,0,0,0,0,0,0,0,0,0,0,0,0,0,0,0,0.1,0,0,0,0,0,0,0,0,0,0,0,0,0,0,0,0,0,0,0,0,0,0,0,0,0,0,0,0,0,0,0,0,0.6,0,0,Kenya,0,0,Africa
Naja sputatrix,https://www.ncbi.nlm.nih.gov/pubmed/28159706,1.33,0,0,0,0,0,0,0,0,0,0,0,0,0,0,0,0,7.89,0.48,2.26,0.02,31.24,0,0,0,0,0,0.42,0,0.24,0,0,0.08,0,0,0,0,0.29,0,5.51,48.08,0,0,0,0,0,0,0,0,0,0,0.12,0,0,1.82,0,0.08,0.04,0.1,0,0,0,0,0,0,0,0,0,0,0,0,0,0,0,0,0,0,0,0,0,0,0,0,0,0,0,0,0,0,0,0,0,0,0,0,0,Indonesia,0,0,Oceania
Notechis scutatus,https://www.ncbi.nlm.nih.gov/pubmed/27282922,0,0,0,0,0,0,0,0,0,0,0,0,0,0.4,0,0,0,0,0,0,0,0,37.3,32.4,0,0,0,6.9,0,4.8,0,0,2,0,0,0,0,0,5.9,0,0,0,0,0,0,0,0,0,0,0,0,0.3,0,0,1.4,0,0,1.4,1.4,0,0,0,0,0,0,0,0,0,0,0,0,0,0,0,0,0,0,0,0,0,0,0,0,0,0,0,0,0,0,0,0,0,0,0,0,5.8,Australia,0,0,Oceania
Ophiophagus hannah,https://www.ncbi.nlm.nih.gov/pubmed/25896403,0,0,0,11.86,0,0,0,0,0,0,0,0,0,6.48,0,24.73,0,0,12.26,13.66,0,2.79,0,0,0,0,0,0,0,3.29,0,0,0.5,0,0,0,0,0,0.2,4.69,17.65,0,0,0,0,0,0,1.1,0,0.1,0,0,0,0,0,0.7,0,0,0,0,0,0,0,0,0,0,0,0,0,0,0,0,0,0,0,0,0,0,0,0,0,0,0,0,0,0,0,0,0,0,0,0,0,0,0,0,Indonesia,0,0,Oceania
Oxyuranus scutellatus canni,https://www.ncbi.nlm.nih.gov/pubmed/22266484,8.88,0,0,0,0,0,0,0,0,0,0,0.6,0,0.8,4.19,0,0,0,0,0,0,68.16,0,0,0,0,0,0,0,12.97,0,0,0,0,0,0,0,0,1.9,0,0,0,0,0,0,0,0,0,0,0,0,0,0,0,0,0,0,0,0,0,0,0,0,0,2.5,0,0,0,0,0,0,0,0,0,0,0,0,0,0,0,0,0,0,0,0,0,0,0,0,0,0,0,0,0,0,0,Papua New Guinea,0,0,Oceania
Oxyuranus scutellatus scutellatus,https://www.ncbi.nlm.nih.gov/pubmed/22266484,5.2,0,0,0,0,0,0,0,0,0,0,0,0,0.6,1.5,0,0,0,0,0,0,79.4,0,0,0,0,0,0.6,0,7.8,0,0,0,0,0,0,0,0,0,0,0,0,0,0,0,0,0,0,1.3,0,0,0,0,0,0,0,0,0,0,0,0,0,0,0,0,0,0,0,0,0,0,0,0,0,0,0,0,0,0,0,0,0,0,0,0,0,0,0,0,0,0,0,0,3.6,0,0,Australia,0,0,Oceania
Pelamis platura,https://www.ncbi.nlm.nih.gov/pubmed/24704853,0.9,0,0,0,0,0,0,0,0,0,0,0,0,9.1,49.9,0,0,0,0,0,0,32.9,0,0,0,0,0,0,0,0,0,0,0,0,0,0,0,0,0,0,0,0,0,0,0,0,0,0,0,0,0,0,0,0,0,0,0,0,0.8,0,0,0,0,0,0,1.8,0,1.1,2.1,0,0,0,0,0,0,0,0,0,0,0,0,0,0,0,0,0,0,0,0,0,0,0,0,1.4,0,0,Costa Rica,0,0,America
Porthidium lansbergii lansbergii,https://www.ncbi.nlm.nih.gov/pubmed/25496801,35.5,0,0,0,0,12.9,0,0,0,0,0,6.7,0,1.4,0,0,0,0,0,0,0.7,16.2,0,0,0,0,0,4.5,0,0,0,0,3.6,0,0,0,2.2,0,0,0,0,0,0,0,0,0,0,0,0,0,0,0,0,0,0,0,0.3,0,0.4,0,0,0,0,0,0,0,0,0,0,0,0,0,0,0,0,0,0,0,0,0,0,0,0,0,0,0,0,0,0,0,0,0,0,12.4,0,3.2,Colombia,0,0,America
Porthidium nasutum,https://www.ncbi.nlm.nih.gov/pubmed/22212456,52.1,0,0,0,0,9.9,0,0,0,0,0,10.4,0,1.3,0,0,0,0,0,0,0,11.6,0,0,0,0,0,9.6,0,0,0,0,3,0,1.9,0,0,0,0,0,0,0,0,0,0,0,0,0,0,0,0,0,0,0,0,0,0,0,0.2,0,0,0,0,0,0,0,0,0,0,0,0,0,0,0,0,0,0,0,0,0,0,0,0,0,0,0,0,0,0,0,0,0,0,0,0,0,Costa Rica,0,0,America
Porthidium ophryomegas,https://www.ncbi.nlm.nih.gov/pubmed/22212456,45,0,0,0,0,16.7,0,0,0,0,0,8,0,0.6,0,0,0,0,0,0,0,13.5,0,0,0,0,0,7.3,0,0,0,0,3.3,0,4.2,0,0,0,0,0,0,0,0,0,0,0,0,0,0,0,0,0,0,0,0,0,0,0,0,0,0,0,0,0,0,0,0,0,0,0,0,0,0,0,0,0,0,0,0,0,0,0,0,0,0,0,0,0,0,0,0,0,0,1.4,0,0,Costa Rica,0,0,America
Protobothrops mucrosquamatus,https://www.ncbi.nlm.nih.gov/pubmed/22906718,0,18.8,0,24.6,3.3,0.8,0,0,0,0,0,3.9,0,0.8,0,0,0,0,0,0,0,0,0,0,12.1,11.4,0,10.4,0,0,0,0,2,0,3.6,0,0,0,0,0,0,0,0,0,5.2,0,0,0,0,0,0,0,0,0,0,0,0,0,0,0,0,0,0,0,0,0,0,0,0,0,0,0,0,0,0,0,0,0,0,0,0,0,0,0,0,0,0,0,0,0,0,0,0,0,0,3.1,Taiwan,0,0,Eurasia
Pseudechis papuanus,https://www.ncbi.nlm.nih.gov/pubmed/27650695,0,0,0,2.8,0,0,0,0,0,0,0,0,0,2.3,3.1,0,0,0,0,0,0,90.2,0,0,0,0,0,0,0,0,0,0,1.6,0,0,0,0,0,0,0,0,0,0,0,0,0,0,0,0,0,0,0,0,0,0,0,0,0,0,0,0,0,0,0,0,0,0,0,0,0,0,0,0,0,0,0,0,0,0,0,0,0,0,0,0,0,0,0,0,0,0,0,0,0,0,0,Australia,0,0,Oceania
Sistrurus catenatus catenatus,https://www.ncbi.nlm.nih.gov/pubmed/16944921,43.76,0,0,0,0,2.5,0,0,0,0,0,0.1,0.1,0.8,0,0,0,0,0,0,0,29.87,0,0,0,0,0,18.18,0,0,0,0,4.2,0,0,0,0,0,0,0,0,0.4,0,0,0,0,0,0,0,0,0,0,0,0,0.1,0,0,0,0,0,0,0,0,0,0,0,0,0,0,0,0,0,0,0,0,0,0,0,0,0,0,0,0,0,0,0,0,0,0,0,0,0,0,0,0,0,USA,0,0,America
Sistrurus catenatus edwardsii,https://www.ncbi.nlm.nih.gov/pubmed/16944921,47.98,0,0,0,0,0.89,0,0,0,0,0,0.1,0.1,10.56,0,0,0,0,0,0,0,13.52,0,0,0,0,0,24.09,0,0.1,0,0,2.47,0,0.1,0,0,0,0,0,0,0,0,0,0,0,0,0,0,0,0,0,0,0,0.1,0,0,0,0,0,0,0,0,0,0,0,0,0,0,0,0,0,0,0,0,0,0,0,0,0,0,0,0,0,0,0,0,0,0,0,0,0,0,0,0,0,USA,0,0,America
Sistrurus catenatus tergeminus,https://www.ncbi.nlm.nih.gov/pubmed/16944921,40.56,0,0,0,0,4.2,0,0,0,0,0,0.1,0.1,1.3,0,0,0,0,0,0,0,31.57,0,0,0,0,0,20.38,0,0,0,0,1.6,0,0,0,0,0,0,0,0,0.1,0,0,0,0,0,0,0,0,0,0,0,0,0.1,0,0,0,0,0,0,0,0,0,0,0,0,0,0,0,0,0,0,0,0,0,0,0,0,0,0,0,0,0,0,0,0,0,0,0,0,0,0,0,0,0,USA,0,0,America
Sistrurus miliarius barbouri,https://www.ncbi.nlm.nih.gov/pubmed/16944921,36.06,0,0,0,0,7.69,0,0,0,0,0,0.1,1.3,2.9,0,0,0,0,0,0,0,32.47,0,0,0,0,0,17.08,0,0.1,0,0,2.1,0,0.1,0,0,0,0,0,0,0,0,0,0,0,0,0,0,0,0,0,0,0,0.1,0,0,0,0,0,0,0,0,0,0,0,0,0,0,0,0,0,0,0,0,0,0,0,0,0,0,0,0,0,0,0,0,0,0,0,0,0,0,0,0,0,USA,0,0,America
Toxicocalamus longissimus,https://www.ncbi.nlm.nih.gov/pubmed/22643073,0,0,0,1.4,0,0,0,0,0,0,0,0,0,0,92.1,0,0,0,0,0,0,6.5,0,0,0,0,0,0,0,0,0,0,0,0,0,0,0,0,0,0,0,0,0,0,0,0,0,0,0,0,0,0,0,0,0,0,0,0,0,0,0,0,0,0,0,0,0,0,0,0,0,0,0,0,0,0,0,0,0,0,0,0,0,0,0,0,0,0,0,0,0,0,0,0,0,0,Papua New Guinea,0,0,Oceania
Trimeresurus stejnegeri,https://www.ncbi.nlm.nih.gov/pubmed/22906718,0,0,0,39.61,2.85,2.02,0,0,0,0,0,1.38,0,5.51,0,0,0,0,0,0,0,0,0,0,13.33,9.19,0,10.11,0,0,0,0,3.03,0,1.1,0,0.83,0,4.14,0,0,0,0,0,0,0,0,0,0,0,0,0,0,0,0,0,0,0,0,0,0,0,0,0,0,0,0,0,0,0,6.89,0,0,0,0,0,0,0,0,0,0,0,0,0,0,0,0,0,0,0,0,0,0,0,0,0,Taiwan,0,0,Eurasia
Vipera berus berus,https://www.ncbi.nlm.nih.gov/pubmed/27327134,19,0,0,0,4,1,0,0,0,0,0,2,0,8,0,0,0,0,0,0,0,10,0,0,0,0,0,31,0,0.07,0,0,2,0,0,0,0,0,11,0,0,0,0,0,0,0,0,0,0,0,0,0,0,0,0,0,0,0,0,0,0,0,0,0,0,0,0,0,0,0,0,0,0,0,0,0,0,0,0,0.12,0,0,0,0,0,0,0,0,0,0,0,0,0,0,0,11.81,Croatia,0,0,Eurasia
Vipera kaznakovi,https://www.ncbi.nlm.nih.gov/pubmed/27077884,16,0,0,0,0,0.53,0,0,0,0,0,12,0,10,0,0,0,0,0,0,0.32,41,0,0,0,0,0,11,0,0,0,0,4,0,0,0,4,0,0,0,0,0,0,0,0,0,0,0,0,0,0,0,0.01,0,0.14,0,0,0,0.21,0,0,0,0,0,0,0,0,0,0,0,0,0,0,0,0,0,0,0,0,0,0.17,0,0,0,0,0,0,0,0,0,0,0,0,0.49,0,0.13,Russia,0,0,Eurasia
Vipera nikolskii,https://www.ncbi.nlm.nih.gov/pubmed/27077884,0.66,0,0,0,0,0,0,0,0,0,0,3.98,0,0.66,0,0,0,0,0,0,0.12,64.74,0,0,0,0,0,18.92,0,0.66,0,0,0.08,0,0.01,0,7.97,0,0,0,0,0,0,0,0,0,0,0,0,0,0,0,0,0,0.33,0,0,0,0.88,0,0,0,0,0,0,0,0,0,0,0,0,0,0,0,0,0,0,0,0,0,0.68,0.15,0,0,0,0,0,0,0,0,0,0,0,0.17,0,0,Russia,0,0,Eurasia
Vipera orlovi,https://www.ncbi.nlm.nih.gov/pubmed/27077884,15,0,0,0,0,0.56,0,0,0,0,0,11,0,12,0,0,0,0,0,0,0.52,24,0,0,0,0,0,24,0,0.15,0,0,5,0,0,0,4,0,0,0,0,0,0,0,0,0,0,0,0,0,0,0,0,0,0.25,0,0,0,2,0,0,0,0,0,0,0,0,0,0,0,0,0,0,0,0,0,0,0,0,0,0.3,0.01,0,0,0,0,0,0,0,0,0,0,0,0.95,0,0.26,Russia,0,0,Eurasia
Vipera raddei,https://www.ncbi.nlm.nih.gov/pubmed/18590992,0,5.19,0,26.37,0,0,0,0,0,0,9.69,9.59,0.1,7.39,0,0,0,0,0,0,0,23.78,0,0,0,0,0,8.39,0,0.9,0,0,0.2,0,3,0,2.4,0,3,0,0,0,0,0,0,0,0,0,0,0,0,0,0,0,0,0,0,0,0,0,0,0,0,0,0,0,0,0,0,0,0,0,0,0,0,0,0,0,0,0,0,0,0,0,0,0,0,0,0,0,0,0,0,0,0,0,Armenia,0,0,Eurasia
Vipera renardii,https://www.ncbi.nlm.nih.gov/pubmed/27077884,12,0,0,0,0,13,0,0,0,0,0,3,0,8,0,0,0,0,0,0,0.54,44,0,0,0,0,0,8,0,0.79,0,0,4,0,0,0,3,0,0,0,0,0,0,0,0,0,0,0,0,0,0,0,0,0,0.12,0,0,0,0.47,0,0,0,0,0,0,0,0,0,0,0,0,0,0,0,0,0,0,0,0,0,0.33,0.06,0,0,0,0,0,0,0,0,0,0,0,2,0,0.69,Russia,0,0,Eurasia
Vipera aspis aspis,https://www.ncbi.nlm.nih.gov/pubmed/32087377,13.38,0,0,0,0,6.159999999999999,0,0,0,0,0,11.719999999999999,0,1.1,0,0,0,0,0,0,0.15000000000000002,30.86,0,0,0,0,0,12.04,17.53,1.22,0,0,1.1700000000000002,0,0,0,2.51,0,0,0,0,0,0,0,0,0,0,0,0,0,0,0,0.04,0,0.46,0,0.15000000000000002,0,0.29000000000000004,0,0,0,0.25,0,0,0,0,0,0,0,0,0,0,0,0,0,0,0,0,0,0,0,0,0,0,0.8500000000000001,0,0,0,0,0,0,0,0,0,0.11999999999997613,France,0,0,Eurasia
Vipera berus berus,https://www.ncbi.nlm.nih.gov/pubmed/30717298,0,0,0,16.3,0,0,0,0,0,0,1.6,3.5,0,3.5,0,0,0,0,0,0,0,0,0,0,0,20.6,0,16.2,0,2.6,0,0,7.3,0,9.5,0,4.3,0,7.8,0,0,0,0,0,0,0,0,0,0,0,0,0,0.1,0,0.2,0,0.3,0,0.3,0,0,0,0.07,0,0,0,0,0,0,0,0,0,0,0,0,0,0,0,0,0,0,0,0,0,0,0,0,0,0,0,0,0,0,0,0,0.23000000000000398,Russia,0.9,4.7,Eurasia
Vipera anatolica senliki,https://www.ncbi.nlm.nih.gov/pubmed/32073270,42.9,0,0,0,0,1.9,0,0,0,0,0,4.6,0,9.9,0,0,0,0,0,0,0,8.2,0,0,0,0,0,7.2,0,1.2,0,0,0.1,0,0,0,0,0,0,0,0,0,0,0,0,0,0,0,0,0,0,0,0,0,0,0,0,0,0,0,0,0,0,0,0,0,0,0,0,0,0,0,0,0,0,0,0,0,0,0,0,0,0,0,0,0,0,0,0,0,0,0,0,23.5,0,0.4999999999999858,Turkey,0,0,Eurasia
