Snake,Genus,Species,Reference,Country,Continent,SVMPi (Snake Venom Metalloproteinase inhibitor),DC-fragment (disintegrin-like/cysteine-ichdomains of PIII-SVMP),CRISP (cysteine-rich secretory protein),3Ftx (three-finger toxin),PLB (Phospholipase B),Cro-toxin,SP (Serine Proteinase),KuTi (Kunitz-type nhibitor),KLK (Kallikrein),LAAO (L-Amino Acid oxidase),VAP (VasoActive Peptides),BPP (Bradykinin-Potentiating Peptides),BIP (Bradykinin-Inhibitory Peptide),VEGF (Vascular Endothelial Growth Factor),CVF (Cobra Venom Factor),NP (Natriuretic Peptide),Muscarinic-toxin,Cyto-toxin,Myo-toxin,Mojave-toxin,Ohanin,Crotamine,Vespryn,HYA (HYAluronidase),NGF (Nerve Growth Factor),PDE (PhosphoDiEsterases),ACHE (AcetylCHolineEsterase),NT5 (5NucleoTidase),EN (EndoNuclease),QC (Glutaminyl Cyclase),ECTONT (ecto-59-nucleotidase),SVMP,Disintegrin,Lectins,Neurotoxins,PLA2,Unknown,Family
Agkistrodon bilineatus bilineatus,Agkistrodon,bilineatus,https://www.ncbi.nlm.nih.gov/pubmed/24211403,Mexico,America,0,0,0,0,0,0,16.5,0,0,4.9,0,4.6,0,0,0,0,0,0,0,0,0.5,0,0,0,0.5,0,0,0,0,0,0,24.5,3.1,0.9,0,42,2.5,Viperidae
Agkistrodon bilineatus howardgloydi,Agkistrodon,bilineatus,https://www.ncbi.nlm.nih.gov/pubmed/24211403,Costa Rica,America,0,0,0,0,0,0,16.9,0,0,2.6,0,5.5,0,0,0,0,0,0,0,0,0,0,0,0,0.2,0,0,0,0,0,0,30.8,2.2,0.4,0,40.8,0.5999999999999943,Viperidae
Agkistrodon bilineatus taylori,Agkistrodon,bilineatus,https://www.ncbi.nlm.nih.gov/pubmed/24211403,Mexico,America,0,0,5.6,0,0,0,7.6,0,0,4.8,0,8.7,0,0,0,0,0,0,0,0,1,0,0,0,0,0,0,0,0,0,0,30.6,2.7,1.4,0,34.3,3.3000000000000114,Viperidae
Agkistrodon contortrix contortrix,Agkistrodon,contortrix,https://www.ncbi.nlm.nih.gov/pubmed/27983581,USA,America,0,0,1.96,0,0,0,14.72,0,0,3.97,0,0,0,0,0,0,0,0,0,0,0,0,0,0,0,0,0,0.28,0,0,0,25.26,0,0.77,0,50.77,2.269999999999996,Viperidae
Agkistrodon contortrix laticinctus,Agkistrodon,contortrix,https://www.ncbi.nlm.nih.gov/pubmed/24211403,USA,America,0,0,0,0,0,0,14.1,0,0,4.9,0,6.8,0,0,0,0,0,0,0,0,0,0,0,0,0.1,0,0,0,0,0,0,30.6,0.8,1.3,0,39.2,2.200000000000003,Viperidae
Agkistrodon contortrix mokasen,Agkistrodon,contortrix,https://www.ncbi.nlm.nih.gov/pubmed/24211403,USA,America,0,0,1.9,0,0,0,9.6,0,0,6.1,0,5.9,0,0,0,0,0,0,0,0,0.4,0,0,0,0.4,0,0,0,0,0,0,29.8,2.2,0.4,0,41.2,2.0999999999999943,Viperidae
Agkistrodon contortrix phaeogaster,Agkistrodon,contortrix,https://www.ncbi.nlm.nih.gov/pubmed/24211403,USA,America,0,0,0,0,0,0,22.5,0,0,5.4,0,5.4,0,0.1,0,0,0,0,0,0,0.5,0,0,0,0.4,0,0,0,0,0,0,21.4,2.2,0.6,0,40.2,1.2999999999999972,Viperidae
Agkistrodon contortrix pictigaster,Agkistrodon,contortrix,https://www.ncbi.nlm.nih.gov/pubmed/24211403,USA,America,0,0,2,0,0,0,8.9,0,0,8.8,0,6.2,0,0,0,0,0,0,0,0,0,0,0,0,0.2,0,0,0,0,0,0,30.2,0.8,2.5,0,38.2,2.200000000000003,Viperidae
Agkistrodon piscivorus conanti,Agkistrodon,piscivorus,https://www.ncbi.nlm.nih.gov/pubmed/24211403,USA,America,0,0,3,0,0,0,13.9,0,0,4.5,0,5.7,0,0,0,0,0,0,0,0,0,0,0,0,0,0,0,0,0,0,0,21,2.2,1.3,0,46,2.4000000000000057,Viperidae
Agkistrodon piscivorus leucostoma,Agkistrodon,piscivorus,https://www.ncbi.nlm.nih.gov/pubmed/24211403,USA,America,0,0,2,0,0,0,10.1,0,0,2.7,0,5.9,0,0,0,0,0,0,0,0,0,0,0,0,0,0,0,0,0,0,0,26.1,4.9,0.8,0,43.2,4.299999999999997,Viperidae
Agkistrodon piscivorus piscivorus,Agkistrodon,piscivorus,https://www.ncbi.nlm.nih.gov/pubmed/24211403,USA,America,0,0,3.5,0,0,0,13.2,0,0,0.8,0,5.8,0,0,0,0,0,0,0,0,0,0,0,0,0,0,0,0,0,0,0,33.1,3.6,3.2,0,33.6,3.1999999999999886,Viperidae
Aipysurus laevis,Aipysurus,laevis,https://www.ncbi.nlm.nih.gov/pubmed/26169672,Australia,Oceania,0,0,2.5,25.3,0,0,0,0,0,0,0,0,0,0,0,0,0,0,0,0,0,0,0,0,0,0,0,0,0,0,0,0,0,0,0,71.2,1,Elapidae
Atropoides nummifer mexicanus,Atropoides,nummifer,https://www.ncbi.nlm.nih.gov/pubmed/18161938,Costa Rica,America,0,0.1,1.89,0.1,0,0,21.91,0,0,9.06,0,8.57,0,0.1,0,0,0,0,0,0,0,0,0,0,0,0,0,0,0,0,0,18.13,2.49,1.29,0,36.35,0.009999999999990905,Viperidae
Atropoides picadoi,Atropoides,picadoi,https://www.ncbi.nlm.nih.gov/pubmed/18161938,Costa Rica,America,0,0.1,4.79,0,0,0,13.46,0,0,2.19,0,1.79,0,0.1,0,0,0,0,0,0,0,0,0,0,0,0,0,0,0,0,0,66.2,0.1,1.79,0,9.47,0.009999999999990905,Viperidae
Austrelaps labialis,Austrelaps,labialis,https://www.ncbi.nlm.nih.gov/pubmed/18307759,Australia,Oceania,0,0,8,45,0,0,0,9,0,0,0,0,0,0,0,0,0,0,0,0,0,0,0,0,0,0,0,0,0,0,0,3,0,0,0,33,2,Elapidae
Bitis arietans,Bitis,arietans,https://www.ncbi.nlm.nih.gov/pubmed/16786436,Ghana,Africa,0,0,0,0,0,0,19.48,4.2,0,0,0,0,0,0,0,0,0,0,0,0,0,0,0,0,0,0,0,0,0,0,0,38.46,17.78,13.19,0,4.3,2.5900000000000034,Viperidae
Bothriechis aurifer,Bothriechis,aurifer,https://www.ncbi.nlm.nih.gov/pubmed/27777178,Guatemala,America,3.2,0.2,10.69,0,0.7,0,7.29,0,0,9.49,0,13.39,0,0,0,0,0,0,0,0,0,0,0,0,0,1.2,0,0.4,0,0,0,35.07,1.2,16.38,0,0,0.7900000000000063,Viperidae
Bothriechis bicolor,Bothriechis,bicolor,https://www.ncbi.nlm.nih.gov/pubmed/27777178,Guatemala,America,4.46,6.6,0.97,0,0.1,0,18.53,0,0,10.48,0,3.49,0,1.07,0,0,0,0,0,0,0,0,0,0,1.45,2.62,0,1.94,0,0.87,0,8.24,0.78,4.27,0,34.14,-0.010000000000005116,Viperidae
Bothriechis lateralis,Bothriechis,lateralis,https://www.ncbi.nlm.nih.gov/pubmed/18444672,Costa Rica,America,0,0,6.49,0,0,0,11.28,0,0,6.09,0,11.08,0,0.5,0,0,0,0,0,0,0,0,0,0,0,0,0,0,0,0,0,54.99,0,0.9,0,8.68,-0.010000000000019327,Viperidae
Bothriechis lateralis,Bothriechis,lateralis,https://www.ncbi.nlm.nih.gov/pubmed/27777178,Costa Rica,America,6.16,5.02,0,0,0,0,21.69,0,0,6.44,0,10.32,0,3.13,0,0,0,0,0,0,0,0,0,0,0,0,0,0,0,0,0,18.47,3.6,0,0,14.49,10.680000000000007,Viperidae
Bothriechis marchi,Bothriechis,marchi,https://www.ncbi.nlm.nih.gov/pubmed/27777178,Honduras,America,8.5,4.8,2.8,0,0,0,10.1,0,0,1.1,0,10.6,0,0.9,0,0,0,0,0,0,0,0,0,0,0,2.1,0,0,0,0,0,35.1,1.7,4.2,0,14.3,3.799999999999997,Viperidae
Bothriechis nigroviridis,Bothriechis,nigroviridis,https://www.ncbi.nlm.nih.gov/pubmed/20590130,Costa Rica,America,0,0,2.1,0,0,0,18.4,0,0,0.5,0,26.9,10.1,2.8,0,0,0,0,0,0,0,0,0,0,0,0,0,0.5,0,0,0,0,0,0,0,38.3,0.4000000000000057,Viperidae
Bothriechis schlegelii,Bothriechis,schlegelii,https://www.ncbi.nlm.nih.gov/pubmed/18444672,Costa Rica,America,0,0,2.1,0,0,0,5.8,0,0,8.9,0,13.4,0,0,0,0,0,0,0,0,0,0,0,0,0,0,0,0,0,0,0,17.7,0,0,0,43.8,8.299999999999997,Viperidae
Bothriechis schlegelii,Bothriechis,schlegelii,https://www.ncbi.nlm.nih.gov/pubmed/27777178,Costa Rica,America,6.9,0,11.3,0,0.8,0,20.6,6.3,0,3.4,0,15.9,0,2.8,0,0,0,0,0,0,0,0,0,0,0.01,0.03,0,0,0,0.7,0,8.1,0.1,0,0,17.3,5.760000000000005,Viperidae
Bothriechis supraciliaris,Bothriechis,supraciliaris,https://www.ncbi.nlm.nih.gov/pubmed/22333435,Costa Rica,America,0,0,4.3,0,0,0,15.2,0,0,5.9,0,21.9,0,1.4,0,13.2,0,0,0,0,0,0,0,0,0,0,0,0,0,0,0,6.8,1.6,0,0,13.4,16.30000000000001,Viperidae
Bothriechis thalassinus,Bothriechis,thalassinus,https://www.ncbi.nlm.nih.gov/pubmed/27777178,Guatemala,America,9.9,0.8,5.1,0,0.4,0,12.1,0,0,4.3,0,10.6,0,1.9,0,0,0,0,0,0,0,0,0,0,0,0.8,0,0.3,0,0.9,0,39.6,1.2,11.5,0,0,0.6000000000000085,Viperidae
Bothrocophias campbelli,Bothrocophias,campbelli,https://www.ncbi.nlm.nih.gov/pubmed/25091349,Ecuador,America,0,0,0.9,0,0,0,21.3,0,0,5.7,0,0,0,0,0,0,0,0,0,0,0,0,0,0,0,0,0,0.6,0,0,0,15.8,0.3,6.4,0,43.1,5.900000000000006,Viperidae
Bothrops pauloensis,Bothrops,pauloensis,https://www.ncbi.nlm.nih.gov/pubmed/22480909,Brazil,America,0,0,2.19,0,0,0,10.46,0,0,2.79,0,6.18,0,0,0,6.18,0,0,0,0,0,0,0,0,0.2,0,0,0,0,0,0,37.95,1.29,0.6,0,32.17,-0.010000000000005116,Viperidae
Bothrops alternatus,Bothrops,alternatus,https://www.ncbi.nlm.nih.gov/pubmed/20329766,Brazil,America,0,0,0,0,0,0,24.1,0,0,6.9,0,0,0,0,0,0,0,0,0,0,0,0,0,0,0,0,0,0,0,0,0,43.1,2.6,1.7,0,7.8,13.800000000000011,Viperidae
Bothrops alternatus,Bothrops,alternatus,https://www.ncbi.nlm.nih.gov/pubmed/24069493,Brazil,America,0,0,2.5,0,2.4,0,5.79,0,0,14.89,0,0,0,0,0,0,0,0,0,0,0,0,0,0.3,0.4,1.5,0,0,0,0.9,2.4,52.15,0,14.79,0,2,-0.01999999999998181,Viperidae
Bothrops asper,Bothrops,asper,https://www.ncbi.nlm.nih.gov/pubmed/18557640,Costa Rica,America,0,0,2.48,0,0,0,6.63,0,0,2.48,0,0,0,0,0,0,0,0,0,0,0,0,0,0,0,0,0,0,0,0,0,63.269999999999996,1.58,0.1,0,23.47,-0.009999999999990905,Viperidae
Bothrops asper,Bothrops,asper,https://www.ncbi.nlm.nih.gov/pubmed/18557640,Costa Rica,America,0,0.1,0.1,0,0,0,18.2,0,0,9.2,0,0,0,0,0,0,0,0,0,0,0,0,0,0,0,0,0,0,0,0,0,41,2.1,0.5,0,28.8,1.4210854715202004e-14,Viperidae
Bothrops asper,Bothrops,asper,https://www.ncbi.nlm.nih.gov/pubmed/18557640,Costa Rica,America,0,0.1,0.1,0,0,0,4.4,0,0,4.6,0,0,0,0,0,0,0,0,0,0,0,0,0,0,0,0,0,0,0,0,0,43.8,1.4,0.5,0,45.1,0,Viperidae
Bothrops asper,Bothrops,asper,https://www.ncbi.nlm.nih.gov/pubmed/18557640,Costa Rica,America,0,0,0.1,0,0,0,2.6,0,0,3.4,0,0,0,0,0,0,0,0,0,0,0,0,0,0,0,0,0,0,0,0,0,65.3,0.6,0.2,0,27.7,0.10000000000000853,Viperidae
Bothrops asper,Bothrops,asper,https://www.ncbi.nlm.nih.gov/pubmed/19539636,Costa Rica,America,0,0.1,0.1,0,0,0,4.39,0,0,4.59,0,0,0,0,0,0,0,0,0,0,0,0,0,0,0,0,0,0,0,0,0,43.910000000000004,1.4,0.5,0,45.01,0,Viperidae
Bothrops asper,Bothrops,asper,https://www.ncbi.nlm.nih.gov/pubmed/19539636,Costa Rica,America,0,0.1,0.1,0,0,0,18.2,0,0,9.2,0,0,0,0,0,0,0,0,0,0,0,0,0,0,0,0,0,0,0,0,0,41,2.1,0.5,0,28.8,1.4210854715202004e-14,Viperidae
Bothrops atrox,Bothrops,atrox,https://www.ncbi.nlm.nih.gov/pubmed/19665598,Colombia,America,0,0.1,2.6,0,0,0,10.89,0,0,4.7,0,0.15,0,0,0,0.15,0,0,0,0,0,0,0,0,0,0,0,0,0,0,0,48.45,4.9,7.09,0,20.98,-0.010000000000005116,Viperidae
Bothrops atrox,Bothrops,atrox,https://www.ncbi.nlm.nih.gov/pubmed/19665598,Brazil,America,0,0.9,1.8,0,0,0,4.6,0,0,2.1,0,0.05,0,0,0,0.05,0,0,0,0,0,0,0,0,0,0,0,0,0,0.2,0,72.1,0.1,0.7,0,17.4,0,Viperidae
Bothrops atrox,Bothrops,atrox,https://www.ncbi.nlm.nih.gov/pubmed/22300577,Brazil,America,0,0,2.4,0,0,0,11.1,0,0,10.5,0,0,0,0,0,0,0,0,0,0,0,0,0,0,0,0,0,0,0,0,0,58.2,3.2,3.6,0,11,0,Viperidae
Bothrops atrox,Bothrops,atrox,https://www.ncbi.nlm.nih.gov/pubmed/21278006,Brazil,America,0,0,3.2,0,0,0,5.5,0,0,2.1,0,0,0,0,0,0,0,0,0,0,0,0,0,0,0,0,0,0,0,0,0,72.2,0,0,0,17,0,Viperidae
Bothrops atrox,Bothrops,atrox,https://www.ncbi.nlm.nih.gov/pubmed/21278006,Brazil,America,0,0,1.2,0,0,0,4.5,0,0,0.7,0,0,0,0,0,0,0,0,0,0,0,0,0,0,0,0,0,0,0,0,0,83,0,0.5,0,10,0.09999999999999432,Viperidae
Bothrops atrox,Bothrops,atrox,https://www.ncbi.nlm.nih.gov/pubmed/21278006,Brazil,America,0,0,1.2,0,0,0,3,0,0,1.1,0,0,0,0,0,0,0,0,0,0,0,0,0,0,0,0,0,0,0,0,0,82.3,0,0.4,0,12,0,Viperidae
Bothrops atrox,Bothrops,atrox,https://www.ncbi.nlm.nih.gov/pubmed/21278006,Brazil,America,0,0,1.6,0,0,0,6.9,0,0,0.5,0,0,0,0,0,0,0,0,0,0,0,0,0,0,0,0,0,0,0,0,0,75,0,0,0,16,0,Viperidae
Bothrops atrox,Bothrops,atrox,https://www.ncbi.nlm.nih.gov/pubmed/21278006,Brazil,America,0,0,2.8,0,0,0,0.5,0,0,0.5,0,0,0,0,0,0,0,0,0,0,0,0,0,0,0,0,0,0,0,0,0,81,0,0,0,15,0.20000000000000284,Viperidae
Bothrops atrox,Bothrops,atrox,https://www.ncbi.nlm.nih.gov/pubmed/21278006,Brazil,America,0,0,1.6,0,0,0,2.1,0,0,1.3,0,0,0,0,0,0,0,0,0,0,0,0,0,0,0,0,0,0,0,0,0,77,0,0,0,18,0,Viperidae
Bothrops atrox,Bothrops,atrox,https://www.ncbi.nlm.nih.gov/pubmed/21278006,Brazil,America,0,0,2.2,0,0,0,3.49,0,0,1.4,0,0,0,0,0,0,0,0,0,0,0,0,0,0,0,0,0,0,0,0,0,84.83000000000001,0,0,0,8.08,-1.4210854715202004e-14,Viperidae
Bothrops atrox,Bothrops,atrox,https://www.ncbi.nlm.nih.gov/pubmed/21278006,Brazil,America,0,0,3.6,0,0,0,2.6,0,0,1.5,0,0,0,0,0,0,0,0,0,0,0,0,0,0,0,0,0,0,0,0,0,79.5,0,0,0,12.8,0,Viperidae
Bothrops atrox,Bothrops,atrox,https://www.ncbi.nlm.nih.gov/pubmed/21278006,Brazil,America,0,0,2.2,0,0,0,4.3,0,0,1.5,0,0,0,0,0,0,0,0,0,0,0,0,0,0,0,0,0,0,0,0,0,84,0,0,0,8,0,Viperidae
Bothrops atrox,Bothrops,atrox,https://www.ncbi.nlm.nih.gov/pubmed/28274896,Venezuela,America,0,0,2.7,0,0,0,2.5,0,0,1.4,0,0,0,0,0,0,0,0,0,0,0,0,0,0,0,0,0,0,0,0,0,84,0,0.9,0,8.5,0,Viperidae
Bothrops atrox,Bothrops,atrox,https://www.ncbi.nlm.nih.gov/pubmed/28274896,Venezuela,America,0,0,3.8,0,0,0,2.3,0,0,1.2,0,0,0,0,0,0,0,0,0,0,0,0,0,0,0,0,0,0,0,0,0,85,0,0,0,7.7,0,Viperidae
Bothrops atrox,Bothrops,atrox,https://www.ncbi.nlm.nih.gov/pubmed/28274896,Venezuela,America,0,0,2.2,0,0,0,9.5,0,0,1.8,0,0,0,0,0,0,0,0,0,0,0,0,0,0,0,0,0,0,0,0,0,81,0,0,0,5.5,0,Viperidae
Bothrops atrox,Bothrops,atrox,https://www.ncbi.nlm.nih.gov/pubmed/28274896,Venezuela,America,0,0,2.8,0,0,0,2.2,0,0,1.5,0,0,0,0,0,0,0,0,0,0,0,0,0,0,0,0,0,0,0,0,0,85,0,0,0,8.5,0,Viperidae
Bothrops atrox,Bothrops,atrox,https://www.ncbi.nlm.nih.gov/pubmed/21278006,Colombia,America,0,0,2.1,0,0,0,19,0,0,2,0,0,0,0,0,0,0,0,0,0,0,0,0,0,0,0,0,0,0,0,0,25.8,3.1,0,0,48,0,Viperidae
Bothrops atrox,Bothrops,atrox,https://www.ncbi.nlm.nih.gov/pubmed/21278006,Brazil,America,0,0,3.7,0,0,0,11.5,0,0,9.1,0,0,0,0.7,0,0,0,0,0,0,0,0,0,0.2,0.5,2.4,0,1.7,0,0,0,50.900000000000006,0,13.1,0,6.2,0,Viperidae
Bothrops atrox,Bothrops,atrox,https://www.ncbi.nlm.nih.gov/pubmed/21278006,Brazil,America,0,0,4.3,0,0,0,14.1,0,0,9.4,0,0,0,1.4,0,0,0,0,0,0,0,0,0,0.2,1,2.6,0,2.6,0,0,0,46.5,0,10.2,0,7.5,0.20000000000000284,Viperidae
Bothrops atrox,Bothrops,atrox,https://www.ncbi.nlm.nih.gov/pubmed/21278006,Brazil,America,0,0,4.3,0,0,0,10.3,0,0,8.7,0,0,0,0.7,0,0,0,0,0,0,0,0,0,0.2,0.8,2.7,0,2.1,0,0,0,51.4,0,13.1,0,5.7,0,Viperidae
Bothrops atrox,Bothrops,atrox,https://www.ncbi.nlm.nih.gov/pubmed/21278006,Brazil,America,0,0,3.79,0,0,0,9.68,0,0,8.68,0,0,0,0.9,0,0,0,0,0,0,0,0,0,0.2,0.8,2.2,0,1.7,0,0,0,53.89,0,11.78,0,6.39,-0.010000000000005116,Viperidae
Bothrops atrox,Bothrops,atrox,https://www.ncbi.nlm.nih.gov/pubmed/24069493,Brazil,America,0,0,2.1,0,1.5,0,8.09,0,0,14.19,0,0,0,0,0,0,0,0,0,0,0,0,0,0.3,0.3,1.4,0,0,0,0.9,1.2,54.54,0,12.19,0,3.3,-0.009999999999990905,Viperidae
Bothrops ayerbei,Bothrops,ayerbei,https://www.ncbi.nlm.nih.gov/pubmed/24231109,Colombia,America,0,0,1.1,0,0,0,9.3,0,0,3.3,0,8.3,0,0,0,0,0,0,0,0,0,0,0,0,0.1,0.7,0,0,0,0,0,53.7,2.3,10.1,0,0.7,10.400000000000006,Viperidae
Bothrops barnetti,Bothrops,barnetti,https://www.ncbi.nlm.nih.gov/pubmed/22300577,Peru,America,0,0,3.1,0,0,0,6.7,0,0,0.8,0,0,0,0,0,0,0,0,0,0,0,0,0,0,0,0,0,0,0,0,0,74.1,5.5,3.3,0,6.4,0.10000000000000853,Viperidae
Bothrops caribbaeus,Bothrops,caribbaeus,https://www.ncbi.nlm.nih.gov/pubmed/18785768,Costa Rica,America,0,0.2,2.6,0,0,0,4.7,0,0,8.4,0,0,0,0,0,0,0,0,0,0,0,0,0,0,0,0,0,0,0,0,0,68.6,1.5,0,0,12.8,1.2000000000000028,Viperidae
Bothrops colombiensis,Bothrops,colombiensis,https://www.ncbi.nlm.nih.gov/pubmed/19457355,Venezuela,America,0,0.5,0.1,0,0,0,1,0,0,5.69,0,0.4,0,0,0,0.4,0,0,0,0,0,0,0,0,0,0,0,0,0,0,0,42.06,5.59,0,0,44.26,0,Viperidae
Bothrops cotiara,Bothrops,cotiara,https://www.ncbi.nlm.nih.gov/pubmed/18760386,Brazil,America,0,0.5,3.6,0,0,0,14.4,0,0,3.8,0,0,0,1.65,0,0,0,0,0,0,0,0,0,0,1.65,0,0,0,0,0,0,73.1,1.2,0.1,0,0,1.4210854715202004e-14,Viperidae
Bothrops cotiara,Bothrops,cotiara,https://www.ncbi.nlm.nih.gov/pubmed/24069493,Brazil,America,0,0,2.9,0,2.5,0,13,0,0,19.6,0,0,0,0,0,0,0,0,0,0,0,0,0,0.7,0.7,0.1,0,0,0,0.7,3.2,51,0,4.7,0,0.6,0.29999999999999716,Viperidae
Bothrops diporus,Bothrops,diporus,https://www.ncbi.nlm.nih.gov/pubmed/26712790,Argentina,America,2.6,1.4,1.2,0,0.3,0,7.2,0,0,7.4,15.9,0,0,0,0,0,0,0,0,0,0,0,0,0,0,1.6,0,1.1,0,0.1,0,34.2,0,2.9,0,24.1,0,Viperidae
Bothrops erythromelas,Bothrops,erythromelas,https://www.ncbi.nlm.nih.gov/pubmed/25462430,Brazil,America,0,1.4,0,0,0.5,0,7.19,0,0,0,0,11.39,0,2.7,0,0,0,0,0,0,0,0,0,0,0,0,0,0.5,0,0,0,38.76,5.29,17.18,0,15.08,0.010000000000005116,Viperidae
Bothrops erythromelas,Bothrops,erythromelas,https://www.ncbi.nlm.nih.gov/pubmed/25462430,Brazil,America,0,1.1,0,0,0.1,0,4,0,0,0,0,10.99,0,1.5,0,0,0,0,0,0,0,0,0,0,0,0.4,0,0,0,0,0,42.95,3.6,21.58,0,13.79,-0.009999999999990905,Viperidae
Bothrops erythromelas,Bothrops,erythromelas,https://www.ncbi.nlm.nih.gov/pubmed/25462430,Brazil,America,0,0.9,0,0,0,0,5.8,0,0,0,0,14.5,0,1.3,0,0,0,0,0,0,0,0,0,0,0,0,0,0,0,0,0,49.8,8.9,8.7,0,10.1,0,Viperidae
Bothrops erythromelas,Bothrops,erythromelas,https://www.ncbi.nlm.nih.gov/pubmed/25462430,Brazil,America,0,1.2,0.4,0,0,0,6,0,0,0,0,9.3,0,2.4,0,0,0,0,0,0,0,0,0,0,0,0.4,0,0,0,0,0,45.2,3.4,18,0,13.5,0.19999999999998863,Viperidae
Bothrops erythromelas,Bothrops,erythromelas,https://www.ncbi.nlm.nih.gov/pubmed/25462430,Brazil,America,0,2.1,0,0,0.1,0,9.7,0,0,0,0,12.2,0,2.3,0,0,0,0,0,0,0,0,0,0,0,0,0,0,0,0,0,48.2,5.3,8.4,0,10.5,1.2000000000000028,Viperidae
Bothrops fonsecai,Bothrops,fonsecai,https://www.ncbi.nlm.nih.gov/pubmed/18760386,Brazil,America,0,0.7,2.4,0,0,0,4.1,0,0,1.9,0,0,0,1.95,0,0,0,0,0,0,0,0,0,0,1.95,0,0,0,0,0,0,42.5,4.4,9.8,0,30.1,0.19999999999998863,Viperidae
Bothrops insularis,Bothrops,insularis,https://www.ncbi.nlm.nih.gov/pubmed/19211044,Brazil,America,0,0,1.3,0,0,0,12.46,0,0,1.3,0,11.27,0,1.3,0,0,0,0,0,0,0,0,0,0,1.3,0,0,0,0,0,0,29.91,0,31.21,0,9.97,-0.020000000000010232,Viperidae
Bothrops jararaca,Bothrops,jararaca,https://www.ncbi.nlm.nih.gov/pubmed/24069493,Brazil,America,0,0,1.4,0,0.8,0,11.7,0,0,10.7,0,0,0,1.8,0,0,0,0,0,0,0,0,0,0,0.3,1.3,0,0,0,0.4,1.1,42.800000000000004,0,24.4,0,3.2,0.0999999999999801,Viperidae
Bothrops jararacussu,Bothrops,jararacussu,https://www.ncbi.nlm.nih.gov/pubmed/24069493,Brazil,America,0,0,2.2,0,1.7,0,12.3,0,0,15,0,0,0,0,0,0,0,0,0,0,0,0,0,0,0.6,1.7,0,0,0,1,3.9,26.2,0,9.7,0,25.7,-1.4210854715202004e-14,Viperidae
Bothrops lanceolatus,Bothrops,lanceolatus,https://www.ncbi.nlm.nih.gov/pubmed/18785768,Costa Rica,America,0,0,0,0,0,0,14.39,0,0,2.8,0,0,0,0,0,0,0,0,0,0,0,0,0,0,0,0,0,0,0,0,0,74.12,0,0.1,0,8.59,0,Viperidae
Bothrops neuwiedi,Bothrops,neuwiedi,https://www.ncbi.nlm.nih.gov/pubmed/24069493,Brazil,America,0,0,2,0,1.4,0,8.8,0,0,16.7,0,0,0,0.4,0,0,0,0,0,0,0,0,0,0,0.3,1.2,0,0,0,0.8,1.5,49.9,0,8.6,0,8.4,0,Viperidae
Bothrops pictus,Bothrops,pictus,https://www.ncbi.nlm.nih.gov/pubmed/22300577,Peru,America,0,0,0,0,0,0,7.7,0,0,0,0,0,0,0,0,0,0,0,0,0,0,0,0,0,0,0,0,0,0,0,0,68,8.9,1.1,0,14.1,0.20000000000000284,Viperidae
Bothrops pirajai,Bothrops,pirajai,https://www.ncbi.nlm.nih.gov/pubmed/23385358,Brazil,America,0,0,0,0,0,0,7.1,0,0,5.2,0,0,0,0,0,0,0,0,0,0,0,0,0,0,0,0,0,0,0,0,0,20.7,1.4,9.2,0,40.2,16.200000000000003,Viperidae
Bothrops punctatus,Bothrops,punctatus,https://www.ncbi.nlm.nih.gov/pubmed/24498576,Colombia,America,0,0,1.2,0,0,0,5.4,0,0,3.1,0,10.7,0,1.7,0,0,0,0,0,0,0,0,0,0,0,0,0,0,0,0,0,41.5,3.8,16.7,0,9.3,6.6000000000000085,Viperidae
Bungarus caeruleus,Bungarus,caeruleus,https://www.ncbi.nlm.nih.gov/pubmed/28476572,Sri Lanka,Asia,0,0,5.5,19,0,0,0,4.4,0,0,0,0,0,0,0,0,0,0,0,0,0,0,0,0,0.1,0,1.6,0,0,0,0,1.3,0,0,0,64.5,3.5999999999999943,Elapidae
Bungarus candidus,Bungarus,candidus,https://www.ncbi.nlm.nih.gov/pubmed/25154052,Malaysia,Asia,0,0,3.9,30.07,1,0,3.9,12.59,0,5.79,0,0,0,0,0,1,0,0,0,0,0,0,1.9,1.9,1,0,4.9,0,1,0,0,4.9,0,0,0,25.17,0.980000000000004,Elapidae
Bungarus fasciatus,Bungarus,fasciatus,https://www.ncbi.nlm.nih.gov/pubmed/25154052,Malaysia,Asia,0,0,1.2,17.37,0,0,5.79,9.28,0,5.79,0,0,0,1.2,0,0,0,0,0,0,0,0,0,0,0,1.2,4.69,2.3,1.2,0,0,4.69,0,0,0,44.11,1.1800000000000068,Elapidae
Bungarus fasciatus,Bungarus,fasciatus,https://www.ncbi.nlm.nih.gov/pubmed/26341420,Vietnam,Asia,0,0,0.42,1.27,0.71,0,0,1.83,0,7.07,0,0,0,0.1,0,0,0,0,0,0,0,0,0,0,1.1,0,5.08,0,0,0,0,3.54,0,0,0,66.83,12.050000000000011,Elapidae
Bungarus multicinctus,Bungarus,multicinctus,https://www.ncbi.nlm.nih.gov/pubmed/26341420,Vietnam,Asia,0,0,2.42,27.5,0.33,0,0.08,2.26,0,2.11,0,0,0,0.08,0,0.09,0,0,0,0,0,0,0.19,0.29,0.32,0,1.1,0,0,0,0,0.78,0,0,0,15.34,47.11,Elapidae
Calloselasma rhodostoma,Calloselasma,rhodostoma,https://www.ncbi.nlm.nih.gov/pubmed/27418434,Malaysia,Asia,0,0,0,0,0.9,0,14.9,0,0,7,0,0,0,0,0,0,0,0,0,0,0,0,0,0,0.6,0.2,0,0.3,0,0,0,41.2,0,26,0,0,8.899999999999991,Viperidae
Cerastes cerastes cerastes,Cerastes,cerastes,https://www.ncbi.nlm.nih.gov/pubmed/16206329,Tunisia,Africa,0,0,0,0,0,0,8.18,0,0,10.91,0,0,0,0,0,0,0,0,0,0,0,0,0,0,0,0,0,0,0,0,0,33.64,7.27,21.82,0,18.18,0,Viperidae
Cerastes cerastes cerastes,Cerastes,cerastes,https://www.ncbi.nlm.nih.gov/pubmed/22387316,Morocco,Africa,0,0,0.7,0,0,0,6.9,0,0,0,0,0,0,0,0,0,0,0,0,0,0,0,0,0,0,0,0,0,0,0,0,63.099999999999994,8.5,1.7,0,19.1,0,Viperidae
Cerastes cerastes cerastes,Cerastes,cerastes,https://www.ncbi.nlm.nih.gov/pubmed/22387316,Tunisia,Africa,0,0,0,0,0,0,13.2,0,0,6.2,0,0,0,0,0,0,0,0,0,0,0,0,0,0,0,0,0,0,0,0,0,55.9,4.9,3.2,0,16.6,0,Viperidae
Cerastes vipera,Cerastes,vipera,https://www.ncbi.nlm.nih.gov/pubmed/16206329,Tunisia,Africa,0,0,0,0,0,0,20,0,0,9,0,0,0,0,0,0,0,0,0,0,0,0,0,0,0,0,0,0,0,0,0,48,1,1,0,21,0,Viperidae
Cerrophidion godmani,Cerrophidion,godmani,https://www.ncbi.nlm.nih.gov/pubmed/22212456,Costa Rica,America,0,0,4.2,0,0,0,19.1,0,0,5,0,5.7,0,0,0,0,0,0,0,0,0,0,0,0,0,1.3,0,0,0,0,0,32.8,7.5,0.5,0,23.4,0.5,Viperidae
Cerrophidion sasai,Cerrophidion,sasai,https://www.ncbi.nlm.nih.gov/pubmed/22212456,Costa Rica,America,0,0,4.2,0,0,0,19.1,0,0,5,0,5.7,0,0,0,0,0,0,0,0,0,0,0,0,0,1.3,0,0,0,0,0,32.8,7.5,0.5,0,23.4,0.5,Viperidae
Crotalus adamanteus,Crotalus,adamanteus,https://www.ncbi.nlm.nih.gov/pubmed/24231107,USA,America,0,0,2.8,0,0,0,25,0,0,0.2,0,0,0,0,0,0,0,0,23,0,0,0,0,0,0,0,0,0,0,0,0,16,0,5,0,28,0,Viperidae
Crotalus basiliscus,Crotalus,basiliscus,https://www.ncbi.nlm.nih.gov/pubmed/28238904,Mexico,America,4,0,0,0,0,0,11,0,0,0,0,2,0,0,0,0,0,0,0,0,0,0,0,0,0,0,0,0,0,0,0,68,0,0,0,14,1,Viperidae
Crotalus durissus cascavella,Crotalus,durissus,https://www.ncbi.nlm.nih.gov/pubmed/20542151,Brazil,America,0,0,0.9,0,0,72.5,1.2,0,0,0.1,0,0,0,1.1,0,0,0,0,0,0,0,0,0,0,0,0,0,0,0,0,0,0.1,0.2,0.1,0,18.1,5.700000000000017,Viperidae
Crotalus durissus collilineatus,Crotalus,durissus,https://www.ncbi.nlm.nih.gov/pubmed/20542151,Brazil,America,0,0,1.58,0,0,78.81,0.5,0,0,2.57,0,0,0,2.57,0,0,0,0,0,0,0,0,0,0,0,0,0,0,0,0,0,2.28,0.4,0.1,0,11.19,1.4210854715202004e-14,Viperidae
Crotalus durissus collilineatus,Crotalus,durissus,https://www.ncbi.nlm.nih.gov/pubmed/20542151,Brazil,America,0,0,1.8,0,0,67.33,1.9,0,0,0.5,0,0,0,2.1,0,0,0,0,0,0,0,20.78,0,0,0,0,0,0,0,0,0,0.4,0.5,0.1,0,4.6,-0.009999999999990905,Viperidae
Crotalus durissus cumanensis,Crotalus,durissus,https://www.ncbi.nlm.nih.gov/pubmed/19863078,Venezuela,America,0,0,0,0,0,2.6,1.9,0,0,2.7,0,0,1.1,0,0,0,0,0,0,0,0,13.1,0,0,0,0,0,0,0,0,0,64.8,7.9,2.5,0,3.4,0,Viperidae
Crotalus durissus durissus,Crotalus,durissus,https://www.ncbi.nlm.nih.gov/pubmed/19863078,Guyana,America,0,0,0,0,0,67.86,5.09,0,0,3.59,0,0,0.9,0,0,0,0,0,0,0,0,17.96,0,0,0,0,0,0,0,0,0,2.4,0,0.2,0,2,-1.4210854715202004e-14,Viperidae
Crotalus durissus ruruima,Crotalus,durissus,https://www.ncbi.nlm.nih.gov/pubmed/19863078,Brazil,America,0,0,0,0,0,82.62,8.09,0,0,0.5,0,0,0.1,0,0,0,0,0,0,0,0,1.5,0,0,0,0,0,0,0,0,0,2.9,0,4.3,0,0,-0.010000000000005116,Viperidae
Crotalus durissus terrificus,Crotalus,durissus,https://www.ncbi.nlm.nih.gov/pubmed/19863078,Brazil,America,0,0,0,0,0,59.5,8.2,0,0,4.5,0,0.5,1.8,0,0,0,0,0,0,0,0,19,0,0,0,0,0,0,0,0,0,4.8,0,1.7,0,0,0,Viperidae
Crotalus oreganus helleri,Crotalus,oreganus,https://www.ncbi.nlm.nih.gov/pubmed/24463169,USA,America,23.67,0,15.39,0,0,0,0,0,10.05,4.15,0,7.69,0,0,0,0,0,0,0,0,0,25.3,0,0,0.73,0,0,0,0,0,0,0,0,9.17,0,3.86,-0.010000000000005116,Viperidae
Crotalus oreganus helleri,Crotalus,oreganus,https://www.ncbi.nlm.nih.gov/pubmed/24463169,USA,America,26.34,0,2.98,0,0,0,0,0,22.16,5.26,0,9.53,0,1.67,0,0,0,0,0,0,0,28.77,0,0,0,0,0,0,0,0,0,0,0.78,0,0,2.52,-0.009999999999990905,Viperidae
Crotalus oreganus helleri,Crotalus,oreganus,https://www.ncbi.nlm.nih.gov/pubmed/24463169,USA,America,0.3,0,0,0,0,0,0,0,21.26,5.48,0,1.08,0,0,0,0,0,0,0,0,0,40.64,0,0,0,0,0,0,0,0,0,0,1.7,0,0,29.53,0.009999999999990905,Viperidae
Crotalus oreganus helleri,Crotalus,oreganus,https://www.ncbi.nlm.nih.gov/pubmed/24463169,USA,America,51.01,0,1.45,0,0,0,0,0,16.31,7.99,0,6.36,0,0,0,0,0,0,0,0,0,7.23,0,0,0,0,0,0,0,0,0,0,3.08,1.5,0,5.05,0.020000000000010232,Viperidae
Crotalus oreganus helleri,Crotalus,oreganus,https://www.ncbi.nlm.nih.gov/pubmed/24463169,USA,America,16.91,0,3.85,0,0,0,0,0,20.2,4.52,0,8.58,0,0.92,0,0,0,0,0,0,0,40.17,0,0,0,0,0,0,0,0,0,0,1.35,0,0,3.47,0.030000000000001137,Viperidae
Crotalus oreganus helleri,Crotalus,oreganus,https://www.ncbi.nlm.nih.gov/pubmed/24463169,USA,America,0.1,0,0,0,0,0,0,0,11.86,2.89,0,3.54,0,0,0,0,0,0,0,0,0,51.39,0,0,0,0,0,0,0,0,0,0,2.58,0,0,27.54,0.09999999999999432,Viperidae
Crotalus oreganus helleri,Crotalus,oreganus,https://www.ncbi.nlm.nih.gov/pubmed/24463169,USA,America,0,0,0,0,0,0,0,0,16.25,3.8,0,1.66,0,0,0,0,0,0,0,0,0,60.99,0,0,0,0,0,0,0,0,0,0,0.15,0,0,16.95,0.19999999999998863,Viperidae
Crotalus oreganus helleri,Crotalus,oreganus,https://www.ncbi.nlm.nih.gov/pubmed/24463169,USA,America,18.2,0,4.68,0,0,0,0,0,25.26,8.7,0,5.89,0,0,0,0,0,0,0,0,0,31.58,0,0,0,0,0,0,0,0,0,0,1.17,0.85,0,3.32,0.3500000000000085,Viperidae
Crotalus oreganus helleri,Crotalus,oreganus,https://www.ncbi.nlm.nih.gov/pubmed/24463169,USA,America,33.36,0,2.39,0,0,0,0,0,18.51,7.52,0,9.63,0,0,0,0,0,0,0,0,0,23.48,0,0,0,0,0,0,0,0,0,0,1.26,0,0,2.94,0.9099999999999966,Viperidae
Crotalus oreganus helleri,Crotalus,oreganus,https://www.ncbi.nlm.nih.gov/pubmed/24463169,USA,America,14.88,0,18.49,0,0,0,0,0,13.95,7.11,0,9.22,0,0,0,0,0,0,0,0,0,22.84,0,0,0.15,0,0,0,0,0,0,0,0,9.5,0,2.73,1.1299999999999955,Viperidae
Crotalus oreganus helleri,Crotalus,oreganus,https://www.ncbi.nlm.nih.gov/pubmed/24463169,USA,America,29.09,0,13.87,0,0,0,0,0,9.23,0,0,8.9,0,0,0,0,0,0,0,0,0,16.69,0,0,0.44,0,0,0,0,0,0,0,0,15.01,0,5.43,1.3400000000000034,Viperidae
Crotalus scutulatus scutulatus,Crotalus,scutulatus,https://www.ncbi.nlm.nih.gov/pubmed/22446891,USA,America,0,0,0,0,0,0,24.5,0,0,1.1,5.08,0,0,0,0,0,0,0,0,0,0,0,0,0,0,0,0,0,0,0,0,57.67,0,0.1,0,11.06,0.4900000000000091,Viperidae
Crotalus scutulatus scutulatus,Crotalus,scutulatus,https://www.ncbi.nlm.nih.gov/pubmed/22446891,USA,America,0,0,0,0,0,0,36.13,0,0,0.1,3.89,0,0,0,0,0,0,0,0,46.91,0,0,0,0,0,0,0,0,0,0,0,0.1,0,0,0,10.48,2.3900000000000006,Viperidae
Crotalus scutulatus scutulatus,Crotalus,scutulatus,https://www.ncbi.nlm.nih.gov/pubmed/22446891,USA,America,0,0,0.1,0,0,0,41.52,0,0,0.1,3.19,0,0,0,0,0,0,0,0,45.21,0,0,0,0,0,0,0,0,0,0,0,0.1,0,0,0,6.89,2.8900000000000006,Viperidae
Crotalus scutulatus scutulatus,Crotalus,scutulatus,https://www.ncbi.nlm.nih.gov/pubmed/22446891,USA,America,0,0,0,0,0,0,37.52,0,0,0.1,2.89,0,0,0,0,0,0,0,29.54,17.66,0,0,0,0,0,0,0,0,0,0,0,0.1,0,0,0,8.88,3.3100000000000023,Viperidae
Crotalus scutulatus scutulatus,Crotalus,scutulatus,https://www.ncbi.nlm.nih.gov/pubmed/22446891,USA,America,0,0,0,0,0,0,28.84,0,0,1.3,3.39,0,0,0,0,0,0,0,34.03,17.27,0,0,0,0,0,0,0,0,0,0,0,0.1,0,0,0,12.77,2.3000000000000114,Viperidae
Crotalus scutulatus scutulatus,Crotalus,scutulatus,https://www.ncbi.nlm.nih.gov/pubmed/22446891,USA,America,0,0,0.3,0,0,0,28.07,0,0,1.2,5.09,0,0,0,0,0,0,0,24.38,27.67,0,0,0,0,0,0,0,0,0,0,0,0.1,0,0,0,10.29,2.9000000000000057,Viperidae
Crotalus scutulatus scutulatus,Crotalus,scutulatus,https://www.ncbi.nlm.nih.gov/pubmed/22446891,USA,America,0,0,0,0,0,0,32.07,0,0,0.8,1.7,0,0,0,0,0,0,0,19.18,35.66,0,0,0,0,0,0,0,0,0,0,0,0.1,0,0,0,7.59,2.9000000000000057,Viperidae
Crotalus scutulatus scutulatus,Crotalus,scutulatus,https://www.ncbi.nlm.nih.gov/pubmed/22446891,USA,America,0,0,0.1,0,0,0,29.77,0,0,1.1,4.4,0,0,0,0,0,0,0,0,53.25,0,0,0,0,0,0,0,0,0,0,0,0.3,0,0,0,8.89,2.1899999999999977,Viperidae
Crotalus scutulatus scutulatus,Crotalus,scutulatus,https://www.ncbi.nlm.nih.gov/pubmed/22446891,USA,America,0,0,0,0,0,0,21.88,0,0,1.3,5.29,0,0,0,0,0,0,0,0,0,0,0,0,0,0,0,0,0,0,0,0,59.14,0,0.2,0,12.09,0.09999999999999432,Viperidae
Crotalus scutulatus scutulatus,Crotalus,scutulatus,https://www.ncbi.nlm.nih.gov/pubmed/22446891,USA,America,0,0,0,0,0,0,30.87,0,0,1.4,1.9,0,0,0,0,0,0,0,12.49,39.66,0,0,0,0,0,0,0,0,0,0,0,0.1,0,0,0,10.79,2.7900000000000205,Viperidae
Crotalus scutulatus scutulatus,Crotalus,scutulatus,https://www.ncbi.nlm.nih.gov/pubmed/22446891,USA,America,0,0,0.3,0,0,0,30.1,0,0,0.7,2.2,0,0,0,0,0,0,0,23.9,27.6,0,0,0,0,0,0,0,0,0,0,0,1.1,0,0,0,10.8,3.299999999999997,Viperidae
Crotalus scutulatus scutulatus,Crotalus,scutulatus,https://www.ncbi.nlm.nih.gov/pubmed/22446891,USA,America,0,0,0,0,0,0,23.8,0,0,1.2,4.8,0,0,0,0,0,0,0,0,0,0,0,0,0,0,0,0,0,0,0,0,54.6,0,0.2,0,15.2,0.19999999999998863,Viperidae
Crotalus scutulatus scutulatus,Crotalus,scutulatus,https://www.ncbi.nlm.nih.gov/pubmed/22446891,USA,America,0,0,0,0,0,0,22.2,0,0,2.1,5.7,0,0,0,0,0,0,0,5.5,0,0,0,0,0,0,0,0,0,0,0,0,48.2,0,0.2,0,14.3,1.7999999999999972,Viperidae
Crotalus scutulatus scutulatus,Crotalus,scutulatus,https://www.ncbi.nlm.nih.gov/pubmed/22446891,USA,America,0,0,0.1,0,0,0,18.9,0,0,1.5,4.7,0,0,0,0,0,0,0,0,7.6,0,0,0,0,0,0,0,0,0,0,0,52.699999999999996,0,0.1,0,13.6,0.8000000000000114,Viperidae
Crotalus scutulatus scutulatus,Crotalus,scutulatus,https://www.ncbi.nlm.nih.gov/pubmed/22446891,USA,America,0,0,0,0,0,0,19.3,0,0,1.5,3.8,0,0,0,0,0,0,0,18.1,34.2,0,0,0,0,0,0,0,0,0,0,0,3.4,0,0,0,17.6,2.0999999999999943,Viperidae
Crotalus scutulatus scutulatus,Crotalus,scutulatus,https://www.ncbi.nlm.nih.gov/pubmed/22446891,USA,America,0,0,0.3,0,0,0,40.2,0,0,0.7,4.6,0,0,0,0,0,0,0,0,35.9,0,0,0,0,0,0,0,0,0,0,0,0.1,0,0,0,15.6,2.6000000000000085,Viperidae
Crotalus scutulatus scutulatus,Crotalus,scutulatus,https://www.ncbi.nlm.nih.gov/pubmed/22446891,USA,America,0,0,0.2,0,0,0,33.5,0,0,0.1,3.8,0,0,0,0,0,0,0,0,51.4,0,0,0,0,0,0,0,0,0,0,0,0.1,0,0,0,8.7,2.200000000000003,Viperidae
Crotalus scutulatus scutulatus,Crotalus,scutulatus,https://www.ncbi.nlm.nih.gov/pubmed/22446891,USA,America,0,0,0.1,0,0,0,41.5,0,0,0.1,3.9,0,0,0,0,0,0,0,0,43.9,0,0,0,0,0,0,0,0,0,0,0,0.1,0,0,0,7.6,2.8000000000000114,Viperidae
Crotalus scutulatus scutulatus,Crotalus,scutulatus,https://www.ncbi.nlm.nih.gov/pubmed/22446891,USA,America,0,0,0,0,0,0,9.6,0,0,1.2,4.1,0,0,0,0,0,0,0,26.2,21.2,0,0,0,0,0,0,0,0,0,0,0,19.4,0,0,0,16.5,1.8000000000000114,Viperidae
Crotalus scutulatus scutulatus,Crotalus,scutulatus,https://www.ncbi.nlm.nih.gov/pubmed/22446891,USA,America,0,0,0.1,0,0,0,41.1,0,0,0.1,3.5,0,0,0,0,0,0,0,0,44.1,0,0,0,0,0,0,0,0,0,0,0,0.1,0,0,0,7.4,3.5999999999999943,Viperidae
Crotalus scutulatus scutulatus,Crotalus,scutulatus,https://www.ncbi.nlm.nih.gov/pubmed/22446891,USA,America,0,0,0,0,0,0,23.9,0,0,1.1,4.6,0,0,0,0,0,0,0,0,0,0,0,0,0,0,0,0,0,0,0,0,54.6,0,0.1,0,13.8,1.9000000000000057,Viperidae
Crotalus simus,Crotalus,simus,https://www.ncbi.nlm.nih.gov/pubmed/19863078,Costa Rica,America,0,0,0,0,0,52.7,36,0,0,0,0,1.3,2.7,0,0,0,0,0,0,0,0,0,0,0,0,0,0,0,0,0,0,2,2.1,0,0,3.2,0,Viperidae
Crotalus simus,Crotalus,simus,https://www.ncbi.nlm.nih.gov/pubmed/19863078,Costa Rica,America,0,0,0,0,0,4.1,5.3,0,0,3.8,0,2,1.5,0,0,0,0,0,0,0,0,0,0,0,0,0,0,0,0,0,0,71.7,8.1,0,0,3.5,0,Viperidae
Crotalus simus culminatus,Crotalus,simus,https://www.ncbi.nlm.nih.gov/pubmed/23727490,Mexico,America,0,0,3.5,0,0,0,15.9,0,0,4.7,11.6,0,0,0,0,0,0,0,0,0,0,3.3,0,0,1,0,0,0,0,0,0,48.5,3.8,0.8,0,3.4,3.5,Viperidae
Crotalus simus culminatus,Crotalus,simus,https://www.ncbi.nlm.nih.gov/pubmed/28731347,Mexico,America,7.89,0,5.59,0,0,0,16.48,0,0,11.59,0,0,0,0,0,0,0,0,0,0,0,5.99,0,0,0,0,0,0.1,0,0,0,45.85,2.7,0,0,3.8,0.009999999999990905,Viperidae
Crotalus simus culminatus,Crotalus,simus,https://www.ncbi.nlm.nih.gov/pubmed/28731347,Mexico,America,6.58,0,3.69,0,0,0,13.06,0,0,8.87,0,0,0,0,0,0,0,0,0,0,0,11.07,0,0,0,0,0,0,0,0,0,41.480000000000004,1.69,0.1,0,13.46,0,Viperidae
Crotalus simus simus,Crotalus,simus,https://www.ncbi.nlm.nih.gov/pubmed/23727490,Mexico,America,0,0,1,0,0,14.3,30.4,0,0,5.7,6.5,0,0,0,0,0,0,0,0,0,0,0,0,0,1.1,0.5,0,0,0,0,0,27.4,1.5,0.6,0,8.1,2.9000000000000057,Viperidae
Crotalus simus simus,Crotalus,simus,https://www.ncbi.nlm.nih.gov/pubmed/28731347,Mexico,America,6.6,0,3.9,0,0,16.8,23.7,0,0,3.5,0,0,2.1,1,0,0,0,0,0,0,0,0,0,0,0,1.1,0,0,0,0,0,31.8,4.3,0.1,0,3.9,1.2000000000000028,Viperidae
Crotalus simus simus,Crotalus,simus,https://www.ncbi.nlm.nih.gov/pubmed/28731347,Mexico,America,1.68,0,10.96,0,0,25.86,32.28,0,0,1.97,0,5.53,1.18,3.55,0,0,0,0,0,0,0,0,0,0,0,1.78,0,0,0,0,0,5.23,0,0,0,9.97,0.009999999999990905,Viperidae
Crotalus simus tzabcan,Crotalus,simus,https://www.ncbi.nlm.nih.gov/pubmed/28731347,Mexico,America,6.3,0,0,0,0,3,15.4,0,0,1.95,0,0,2.6,0,0,0,0,0,0,0,0,18.5,0,0,0,0.6,0,0,0,0.3,0,31.8,5.1,10.4,0,2.6,1.4500000000000028,Viperidae
Crotalus simus tzabcan,Crotalus,simus,https://www.ncbi.nlm.nih.gov/pubmed/28731347,Mexico,America,2.31,0,0,0,0,0.18,18.31,0,0,4.25,0,0,4.9,0.18,0,0,0,0,0,0,0,35.05,0,0,0.74,8.88,0,0.13,0,0,0,6.66,0,4.9,0,13.5,0.010000000000019327,Viperidae
Crotalus viridis viridis,Crotalus,viridis,https://www.ncbi.nlm.nih.gov/pubmed/25819372,USA,America,8.18,0,4.65,0,0.11,0,19.88,0,0,11.46,0,10.78,0,0,0,0,0,0,5.49,0,0.21,0,0,0,0,0,0,0,0,0.11,0,20.97,0.7,1.81,0,15.67,-0.020000000000010232,Viperidae
Crotalus viridis viridis,Crotalus,viridis,https://www.ncbi.nlm.nih.gov/pubmed/25819372,USA,America,0.1,0,2.12,0,0.12,0,26.72,0,0,2.84,0,6.46,0,0,0,0,0,0,35.45,0,0.62,0,0,0,0,0,0,0,0,0.26,0,11.33,0.14,3.32,0,10.520000000000001,0,Viperidae
Crotalus viridis viridis,Crotalus,viridis,https://www.ncbi.nlm.nih.gov/pubmed/25819372,USA,America,4.51,0,4.01,0,0.19,0,18.2,0,0,7.56,0,6.41,0,0,0,0,0,0,25.16,0,0,0,0,0,0,0,0,0,0,0.83,0,14.2,0.76,7.27,0,10.9,0,Viperidae
Crotalus viridis viridis,Crotalus,viridis,https://www.ncbi.nlm.nih.gov/pubmed/25819372,USA,America,0,0,3.88,0,0,0,26.82,0,0,0,0,8.23,0,0,0,0,0,0,38.07,0,0.52,0,0,0,0,0,0,0,0,0.12,0,10.92,0.13,1.75,0,7.69,1.8700000000000045,Viperidae
Daboia russelii,Daboia,russelii,https://www.ncbi.nlm.nih.gov/pubmed/26342672,Sri Lanka,Asia,0,0,2,0,0.1,0,16,4.6,0,5.2,0,0,0,0,0,0,0,0,0,0,0,0,0,0,3.5,1.3,0,3,0,0,0,6.9,0,22.4,0,35,0,Viperidae
Daboia russelii,Daboia,russelii,https://www.ncbi.nlm.nih.gov/pubmed/27936776,India,Asia,0,0,6.79,0,0.1,0,7.99,12.49,0,0.3,0,0,0,1.8,0,0,0,0,0,0,0,0,0,0,4.8,1.4,0,0.4,0,0,0,24.78,4.9,1.8,0,32.47,-0.01999999999999602,Viperidae
Daboia russelii russelii,Daboia,russelii,https://www.ncbi.nlm.nih.gov/pubmed/27265321,Pakistan,Asia,0,0,2.6,0,0,0,3.2,28.4,0,0.6,0,0,0,1.5,0,0,0,0,0,0,0,0,0,0.2,0.4,0.6,0,0.6,0,0,0,21.8,0.4,6.4,0,32.8,0.5,Viperidae
Dendroaspis angusticeps,Dendroaspis,angusticeps,https://www.ncbi.nlm.nih.gov/pubmed/26877184,Tanzania,Africa,0,0,2,69.2,0,0,0,16.3,0,0,0,0,0,0,0,0,0,0,0,0,0,0,0,0.3,0.1,0,0,0,0.1,0,0,6.7,0,0.5,0,0,4.800000000000011,Elapidae
Dendroaspis polylepis,Dendroaspis,polylepis,https://www.ncbi.nlm.nih.gov/pubmed/25688917,Kenya,Africa,0,0,0,31,0,0,0,61.1,0,0,0,0,0,0.1,0,2.9,0,0,0,0,0,0,0,0.5,0.3,0.1,0,0,0.3,0,0,3.2,0,0,0,0.1,0.4000000000000199,Elapidae
Echis ocellatus,Echis,ocellatus,https://www.ncbi.nlm.nih.gov/pubmed/19026773,Nigeria,Africa,0.47,1.58,1.4,0,0,0,1.86,0,0,1.3,0,0,0,0,0,0,0,0,0,0,0,0,0,0,0,0,0,0,0,0,0,62.47,12.66,6.52,0,11.73,0.010000000000005116,Viperidae
Gloydius brevicaudus,Gloydius,brevicaudus,https://www.ncbi.nlm.nih.gov/pubmed/24487038,China,Asia,0,0,1.1,0,0,0,3.7,0,0,0.9,0,0,0,0,0,0,0,0,0,0,0,0,0,0,0,0,0,0.1,0,0,0,64.4,4.6,0.2,0,25,0,Viperidae
Hydrophis cyanocinctus,Hydrophis,cyanocinctus,https://www.ncbi.nlm.nih.gov/pubmed/22643073,Iran,Asia,0,0,0,0,0,0,0,0,0,0,0,0,0,0,0,0,0,0,0,0,0,0,0,0,0,0,0,0,0,0,0,0,0,0,81.1,18.9,0,Elapidae
Hydrophis platurus,Hydrophis,platurus,https://www.ncbi.nlm.nih.gov/pubmed/24704853,Costa Rica,America,0,0,9.1,49.9,0,0,0,0,0,0,0,0,0,0,0,0,0,0,0,0,0,0,0,0,0,0,0,0.8,0,0,0,0.9,0,0,0,32.9,6.400000000000006,Elapidae
Hydrophis schistosus,Hydrophis,schistosus,https://www.ncbi.nlm.nih.gov/pubmed/26047715,Malaysia,Asia,0,0,1.3,0,0,0,0,0,0,0.2,0,0,0,0,0,0,0,0,0,0,0,0,0,0,0,0,0,0,0,0,0,0.5,0,0,70.5,27.5,0,Elapidae
Lachesis acrochorda,Lachesis,acrochorda,https://www.ncbi.nlm.nih.gov/pubmed/22982523,Colombia,America,0,0,0.9,0,0,0,35.06,0,0,9.59,21.48,0,0,0.6,0,0,0,0,0,0,0,0,0,0,0,0,0,0,0,0,0,23.17,0,6.89,0,2.3,0.010000000000005116,Viperidae
Lachesis melanocephala,Lachesis,melanocephala,https://www.ncbi.nlm.nih.gov/pubmed/22982523,Costa Rica,America,0,0,0,0,0,0,21,0,0,3.6,30.2,0,0,0.5,0,0,0,0,0,0,0,0,0,0,0,0,0,0,0,0,0,18.9,0,7.5,0,13.4,4.900000000000006,Viperidae
Lachesis muta muta,Lachesis,muta,https://www.ncbi.nlm.nih.gov/pubmed/18541473,Bolivia,America,0,0,1.8,0,0,0,31.2,0,0,2.7,14.7,0,0,0.6,0,0,0,0,0,0,0,0,0,0,0,0,0,0,0,0,0,31.9,0,7.9,0,8.7,0.4999999999999858,Viperidae
Lachesis muta rhombeata,Lachesis,muta,https://www.ncbi.nlm.nih.gov/pubmed/23747394,Brazil,America,0,0,1.4,0,0,0,26.5,0,0,0.5,0,28,0,0.6,0,0,0,0,0,0,0,0,0,0,0,0,0,0,0,0,0,29.5,0,2.7,0,10.8,0,Viperidae
Lachesis stenophrys,Lachesis,stenophrys,https://www.ncbi.nlm.nih.gov/pubmed/22982523,Costa Rica,America,0,0,0,0,0,0,37,0,0,2.65,32.88,0,0,0.29,0,0,0,0,0,0,0,0,0,0,0,0,0,0,0,0,0,10.7,0,0,0,16.49,-0.010000000000005116,Viperidae
Lachesis stenophrys,Lachesis,stenophrys,https://www.ncbi.nlm.nih.gov/pubmed/22982523,Costa Rica,America,0,0,0,0,0,0,21.2,0,0,2.7,27.1,0,0,0.4,0,0,0,0,0,0,0,0,0,0,0,0,0,0,0,0,0,30.6,0,3.6,0,14.1,0.30000000000001137,Viperidae
Lachesis stenophrys,Lachesis,stenophrys,https://www.ncbi.nlm.nih.gov/pubmed/22982523,Costa Rica,America,0,0,0,0,0,0,43.8,0,0,0.6,37.2,0,0,1.8,0,0,0,0,0,0,0,0,0,0,0,0,0,0,0,0,0,4.8,0,0,0,11.4,0.4000000000000057,Viperidae
Laticauda colubrina,Laticauda,colubrina,https://www.ncbi.nlm.nih.gov/pubmed/28688916,Indonesia,Oceania,0,0,0.05,0,0,0,0,0,0,0,0,0,0,0,0,0,0,0.31,0,0,0,0,0,0,0,0,0,0,0,0,0,0,0,0,65.81,33.26,0.5699999999999932,Elapidae
Macrovipera lebetina,Macrovipera,lebetina,https://www.ncbi.nlm.nih.gov/pubmed/16206329,Tunisia,Africa,0,0.99,0,0,0,0,8.91,0,0,0,0,0,0,1.98,0,0.99,0,0,0,0,0,0,0,0,0,0,0,0,0,0,0,66.34,6.930000000000001,9.9,0,3.96,-1.4210854715202004e-14,Viperidae
Macrovipera lebetina,Macrovipera,lebetina,https://www.ncbi.nlm.nih.gov/pubmed/22387317,Tunisia,Africa,0,0.9,0,0,0,0,5.5,3.1,0,0,0,0,0,3.3,0,0.8,0,0,0,0,0,0,0,0,0,0,0,0,0,0,0,63.1,15.1,3.2,0,5,0,Viperidae
Macrovipera lebetina obtusa,Macrovipera,lebetina,https://www.ncbi.nlm.nih.gov/pubmed/18590992,Armenia,Asia,0,1.67,2.56,0,0,0,14.67,0,0,1.67,0,2.61,2.56,0,0,2.61,0,0,0,0,0,0,0,0,0,0,0,0,0,0,0,31.59,11.129999999999999,14.57,0,14.37,-0.009999999999990905,Viperidae
Macrovipera lebetina transmediterranea,Macrovipera,lebetina,https://www.ncbi.nlm.nih.gov/pubmed/18590992,Armenia,Asia,0,0.99,0,0,0,0,8.91,0,0,0,0,0,0.5,1.98,0,0.5,0,0,0,0,0,0,0,0,0,0,0,0,0,0,0,66.34,6.930000000000001,9.9,0,3.96,-0.010000000000005116,Viperidae
Macrovipera mauritanica,Macrovipera,mauritanica,https://www.ncbi.nlm.nih.gov/pubmed/22387317,Morocco,Africa,0,1.1,0,0,0,0,8.3,2.5,0,0,0,0,0,10.8,0,4.5,0,0,0,0,0,0,0,0,0,0,0,0,0,0,0,45.4,13.8,8.1,0,5.5,1.4210854715202004e-14,Viperidae
Micropechis ikaheka,Micropechis,ikaheka,https://www.ncbi.nlm.nih.gov/pubmed/25109465,New Guinea,Oceania,0,0.3,1.8,9.18,0,0,0.1,0.7,0,0.4,0,0,0,0,0,0,0,0,0,0,0,0,0.3,0,0,0,0,0.1,0,0,0,7.29,0,0,0,79.84,-0.010000000000005116,Elapidae
Micrurus alleni,Micrurus,alleni,https://www.ncbi.nlm.nih.gov/pubmed/26325292,Costa Rica,America,0,0,0,77.3,0,0,0,0,0,3,0,0,0,0,0,0,0,0,0,0,0,0,0.2,0.8,0.1,0,0,0,0,0,0,1.2,0,1.8,0,10.9,4.700000000000003,Elapidae
Micrurus altirostris,Micrurus,altirostris,https://www.ncbi.nlm.nih.gov/pubmed/21515432,Brazil,America,0,0,0.1,79.5,0,0,0,2.1,0,1.2,0,0,0,0,0,0,0,0,0,0,0,0,0,0,0,0,0,0,0,0,0,0.9,0,0.1,0,13.7,2.4000000000000057,Elapidae
Micrurus clarki,Micrurus,clarki,https://www.ncbi.nlm.nih.gov/pubmed/27164141,Costa Rica,America,0,0,0,48.2,0.2,0,1,0.9,0,3.8,0,0,0,0,0,0,0,0,0,0,0,0,0,0,0,0,0,0,0,0,0,1.6,0,1.1,0,36.5,6.699999999999989,Elapidae
Micrurus corallinus,Micrurus,corallinus,https://www.ncbi.nlm.nih.gov/pubmed/21515432,Brazil,America,0,0,0,81.7,0,0,0.8,0,0,2.3,0,0,0,0,0,0,0,0,0,0,0,0,0,0,0,0,0,0,0,0,0,2.4,0,0.9,0,11.9,-1.4210854715202004e-14,Elapidae
Micrurus dumerilii,Micrurus,dumerilii,https://www.ncbi.nlm.nih.gov/pubmed/26883873,Colombia,America,0,0,0,28.1,0.1,0,1.9,9,0,3.1,0,0,0,0,0,2.4,0,0,0,0,0,0,0,0.1,0,0.1,0,0.1,0,0,0,1.8,0,1.1,0,52,0.19999999999998863,Elapidae
Micrurus mipartitus,Micrurus,mipartitus,https://www.ncbi.nlm.nih.gov/pubmed/21963438,Costa Rica,America,0,0,0,82.83,0,0,0,1.9,0,3.19,0,0,0,0,0,0,0,0,0,0,0,0,0,0,0,0,0.3,0,0,0,0,3.59,0,0,0,8.18,0.009999999999990905,Elapidae
Micrurus mipartitus,Micrurus,mipartitus,https://www.ncbi.nlm.nih.gov/pubmed/21963438,Colombia,America,0,0,0,61.1,0,0,1.3,1.9,0,4,0,0,0,0,0,0,0,0,0,0,0,0,0,0,0,0,0,0,0,0,0,1.6,0,1.1,0,29,1.4210854715202004e-14,Elapidae
Micrurus mosquitensis,Micrurus,mosquitensis,https://www.ncbi.nlm.nih.gov/pubmed/26325292,Costa Rica,America,0,0,0,22.5,0,0,0.5,9.8,0,2.8,0,0,0,0,0,0,0,0,0,0,0,0,0,0,0.6,0.2,0,0.2,0,0,0,2.6,0,1.3,0,55.6,3.9000000000000057,Elapidae
Micrurus nigrocinctus,Micrurus,nigrocinctus,https://www.ncbi.nlm.nih.gov/pubmed/21280576,Costa Rica,America,0,0,0,38,0,0,0.7,0,0,2.3,0,0,0,0,0,0,0,0,0,0,3.8,0,0,0,0,0,0,0.5,0,0,0,4.3,0,2.2,0,48,0.20000000000000284,Elapidae
Micrurus tschudii,Micrurus,tschudii,https://www.ncbi.nlm.nih.gov/pubmed/27338473,Peru,America,0,0,0,93.7,0,0,0,1.57,0,0.69,0,0,0,0,0,0,0,0,0,0,0,0,0,0,0,0,0,0,0,0,0,0,0,0,0,4.04,0,Elapidae
Naja atra,Naja,atra,https://www.ncbi.nlm.nih.gov/pubmed/26924299,China,Asia,0,0,1.8,84.3,0,0,0,0,0,0,0,0,0,0,0,0,0,0,0,0,0,0,0,0,0.1,0,0,0,0,0,0,1.6,0,0,0,12.2,1.4210854715202004e-14,Elapidae
Naja atra,Naja,atra,https://www.ncbi.nlm.nih.gov/pubmed/26196238,Taiwan,Asia,0,0,2.16,0,0,0,0,0,0,0.19,0,0,0,0,0.25,0,0,59.4,0,0,0,0,0,0,1.08,0,0,0.38,0,0,0,0.72,0,0,20.54,13.95,1.3299999999999983,Elapidae
Naja haje legionis,Naja,haje,https://www.ncbi.nlm.nih.gov/pubmed/24269350,Morocco,Africa,0,0,10,60,0,0,0,1.9,0,1,0,0,0,0,0.1,0,0,0,0,0,0,0,0,0,5,0,1,0,0,0,0,9,0,0,0,4,8,Elapidae
Naja kaouthia,Naja,kaouthia,https://www.ncbi.nlm.nih.gov/pubmed/25748141,Thailand,Asia,0,0,0.8,0,0,0,0,0.1,0,0.5,0,0,0,0,0.7,0,2.99,44.72,0,0,0,0,0.2,0,1.29,0.4,0,0.2,0,0,0,1.59,0,0,28.38,17.33,0.7999999999999972,Elapidae
Naja kaouthia,Naja,kaouthia,https://www.ncbi.nlm.nih.gov/pubmed/25748141,Vietnam,Asia,0,0,2.3,0,0,0,0,0,0,1,0,0,0,0,1.1,0.2,0.8,27.57,0,0,0,0,0.7,0,0.5,0.3,0,0.2,0,0,0,2.6,0,0.4,49.85,12.19,0.28999999999999204,Elapidae
Naja kaouthia,Naja,kaouthia,https://www.ncbi.nlm.nih.gov/pubmed/25748141,Thailand,Asia,0,0,4.3,0,0,0,0,0.5,0,1.1,0,0,0,0,0.8,0,0.8,45.7,0,0,0,0,0.3,0,0.2,0.4,0,0.3,0,0,0,3.3,0,0.2,17.2,23.5,1.4000000000000057,Elapidae
Naja kaouthia,Naja,kaouthia,https://www.ncbi.nlm.nih.gov/pubmed/25771242,Malaysia,Asia,0,0,1.7,0,0,0,0,0,0,0.4,0,0,0,0,0.1,1.1,0,24.3,0,0,0.6,0,0,0,0.3,0.4,0,0,0.4,0,0,2.4,0,0.5,53.2,13.5,1.0999999999999943,Elapidae
Naja kaouthia,Naja,kaouthia,https://www.ncbi.nlm.nih.gov/pubmed/28263888,China,Asia,0,0,5.39,0,0,0,0,0,0,0,0,0,0,0,0,0,0.4,27.87,0,0,9.19,0,0,0,1,0,0,0,0,0,0,1.1,0,0,28.18,26.87,0,Elapidae
Naja katiensis,Naja,katiensis,https://www.ncbi.nlm.nih.gov/pubmed/21171584,Burkina faso,America,0,0,0.2,67.03,0,0,0,0,0,0,0,0,0,0,0,0,0,0,0,0,0,0,0,0,0,0,0,0,0.2,0,0,3.3,0,0,0,28.97,0.29999999999999716,Elapidae
Naja melanoleuca,Naja,melanoleuca,https://www.ncbi.nlm.nih.gov/pubmed/27593527,Uganda,Africa,0,0,7.6,57.1,0,0,0,3.8,0,0,0,0,0,0,0,0,0,0,0,0,0.5,0,0,0,0.4,1.1,0,0,0,0,0,9.7,0,0.8999999999999999,0,12.9,5.999999999999986,Elapidae
Naja mossambica,Naja,mossambica,https://www.ncbi.nlm.nih.gov/pubmed/21171584,Tanzania,Africa,0,0,0,69.3,0,0,0,0,0,0,0,0,0,0,0,0,0,0,0,0,0,0,0,0,0,0,0,0,0.6,0,0,2.6,0,0,0,27.1,0.4000000000000057,Elapidae
Naja naja,Naja,naja,https://www.ncbi.nlm.nih.gov/pubmed/28062377,Sri Lanka,Asia,0,0,0,80.47,0,0,0,0,0,0,0,0,0,0,0,0,0,0,0,0,0,0,0,0,0.62,0,0,0,0,0,0,0.85,0,0,0,13.95,4.109999999999999,Elapidae
Naja naja,Naja,naja,https://www.ncbi.nlm.nih.gov/pubmed/26506536,India,Asia,0,0,0,74.18,0,0,0,0,0,0,0,0,0,0,0,0,0,0,0,0,0,0,0,0,0.73,0,0,0,0,0,0,0.86,0,0,0,21.43,2.799999999999983,Elapidae
Naja naja,Naja,naja,https://www.ncbi.nlm.nih.gov/pubmed/26506536,India,Asia,0,0,2.1,63.8,0,0,0.3,0.4,0,0.8,0,0,0,0,1.1,2,0,0,0,0,0,0,0,0,0.9,2.1,6.3,0.4,0,0,0,1,0,0,0,11.4,7.400000000000006,Elapidae
Naja nigricollis,Naja,nigricollis,https://www.ncbi.nlm.nih.gov/pubmed/21171584,Nigeria,Africa,0,0,0.2,73.3,0,0,0,0,0,0,0,0,0,0,0,0,0,0,0,0,0,0,0,0,0,0,0,0,0.3,0,0,2.4,0,0,0,21.9,1.9000000000000057,Elapidae
Naja nubiae,Naja,nubiae,https://www.ncbi.nlm.nih.gov/pubmed/21171584,North Africa,Africa,0,0,0,70.9,0,0,0,0,0,0,0,0,0,0,0,0,0,0,0,0,0,0,0,0,0,0,0,0,0,0,0,2.6,0,0,0,26.4,0.09999999999999432,Elapidae
Naja pallida,Naja,pallida,https://www.ncbi.nlm.nih.gov/pubmed/21171584,Kenya,Africa,0,0,0,67.63,0,0,0,0,0,0,0,0,0,0,0,0,0,0,0,0,0,0,0,0,0,0,0,0,0.1,0,0,1.6,0,0,0,30.07,0.6000000000000227,Elapidae
Naja sputatrix,Naja,sputatrix,https://www.ncbi.nlm.nih.gov/pubmed/28159706,Indonesia,Oceania,0,0,0,0,0.02,0,0.42,0.24,0,0.08,0,0,0,0,0.29,0,5.51,48.08,0,0,0,0,0.12,0,1.82,0.08,0.04,0.1,0,0,0,1.33,0,0,10.629999999999999,31.24,1.4210854715202004e-14,Elapidae
Notechis scutatus,Notechis,scutatus,https://www.ncbi.nlm.nih.gov/pubmed/27282922,Australia,Oceania,0,0,0.4,0,0,0,6.9,4.8,0,2,0,0,0,0,0,5.9,0,0,0,0,0,0,0.3,0,1.4,0,1.4,1.4,0,0,0,0,0,0,0,69.69999999999999,5.800000000000011,Elapidae
Ophiophagus hannah,Ophiophagus,hannah,https://www.ncbi.nlm.nih.gov/pubmed/25896403,Indonesia,Oceania,0,0,6.48,0,0,0,0,3.29,0,0.5,0,0,0,0,0,0.2,4.69,17.65,0,0,1.1,0,0,0,0,0,0,0,0,0,0,11.86,0,0,50.65,2.79,0.789999999999992,Elapidae
Oxyuranus scutellatus canni,Oxyuranus,scutellatus,https://www.ncbi.nlm.nih.gov/pubmed/22266484,Papua New Guinea,Oceania,0,0,0.8,4.19,0,0,0,12.97,0,0,0,0,0,0,0,1.9,0,0,0,0,0,0,0,0,0,0,0,0,0,0,0,8.88,0,0.6,0,68.16,2.5,Elapidae
Oxyuranus scutellatus scutellatus,Oxyuranus,scutellatus,https://www.ncbi.nlm.nih.gov/pubmed/22266484,Australia,Oceania,0,0,0.6,1.5,0,0,0.6,7.8,0,0,0,0,0,0,0,0,0,0,0,0,0,0,0,0,0,0,0,0,0,0,0,5.2,0,0,0,79.4,4.8999999999999915,Elapidae
Pelamis platura,Pelamis,platura,https://www.ncbi.nlm.nih.gov/pubmed/24704853,Costa Rica,America,0,0,9.1,49.9,0,0,0,0,0,0,0,0,0,0,0,0,0,0,0,0,0,0,0,0,0,0,0,0.8,0,0,0,0.9,0,0,0,32.9,6.400000000000006,Elapidae
Porthidium lansbergii lansbergii,Porthidium,lansbergii,https://www.ncbi.nlm.nih.gov/pubmed/25496801,Colombia,America,0,0,1.4,0,0.7,0,4.5,0,0,3.6,0,0,0,2.2,0,0,0,0,0,0,0,0,0,0,0,0.3,0,0.4,0,0,0,35.5,12.9,6.7,0,16.2,15.599999999999994,Viperidae
Porthidium nasutum,Porthidium,nasutum,https://www.ncbi.nlm.nih.gov/pubmed/22212456,Costa Rica,America,0,0,1.3,0,0,0,9.6,0,0,3,0,1.9,0,0,0,0,0,0,0,0,0,0,0,0,0,0,0,0.2,0,0,0,52.1,9.9,10.4,0,11.6,0,Viperidae
Porthidium ophryomegas,Porthidium,ophryomegas,https://www.ncbi.nlm.nih.gov/pubmed/22212456,Costa Rica,America,0,0,0.6,0,0,0,7.3,0,0,3.3,0,4.2,0,0,0,0,0,0,0,0,0,0,0,0,0,0,0,0,0,0,0,45,16.7,8,0,13.5,1.4000000000000057,Viperidae
Protobothrops mucrosquamatus,Protobothrops,mucrosquamatus,https://www.ncbi.nlm.nih.gov/pubmed/22906718,Taiwan,Asia,3.3,0,0.8,0,0,0,10.4,0,0,2,0,3.6,0,0,0,0,0,0,0,0,0,0,0,0,0,0,0,0,0,0,0,43.400000000000006,0.8,3.9,0,23.5,8.299999999999983,Viperidae
Pseudechis papuanus,Pseudechis,papuanus,https://www.ncbi.nlm.nih.gov/pubmed/27650695,Australia,Oceania,0,0,2.3,3.1,0,0,0,0,0,1.6,0,0,0,0,0,0,0,0,0,0,0,0,0,0,0,0,0,0,0,0,0,2.8,0,0,0,90.2,0,Elapidae
Sistrurus catenatus catenatus,Sistrurus,catenatus,https://www.ncbi.nlm.nih.gov/pubmed/16944921,USA,America,0,0.1,0.8,0,0,0,18.18,0,0,4.2,0,0,0,0,0,0,0,0,0.4,0,0,0,0,0,0.1,0,0,0,0,0,0,43.76,2.5,0.1,0,29.87,-0.009999999999990905,Viperidae
Sistrurus catenatus edwardsii,Sistrurus,catenatus,https://www.ncbi.nlm.nih.gov/pubmed/16944921,USA,America,0,0.1,10.56,0,0,0,24.09,0.1,0,2.47,0,0.1,0,0,0,0,0,0,0,0,0,0,0,0,0.1,0,0,0,0,0,0,47.98,0.89,0.1,0,13.52,-0.009999999999990905,Viperidae
Sistrurus catenatus tergeminus,Sistrurus,catenatus,https://www.ncbi.nlm.nih.gov/pubmed/16944921,USA,America,0,0.1,1.3,0,0,0,20.38,0,0,1.6,0,0,0,0,0,0,0,0,0.1,0,0,0,0,0,0.1,0,0,0,0,0,0,40.56,4.2,0.1,0,31.57,-0.009999999999990905,Viperidae
Sistrurus miliarius barbouri,Sistrurus,miliarius,https://www.ncbi.nlm.nih.gov/pubmed/16944921,USA,America,0,1.3,2.9,0,0,0,17.08,0.1,0,2.1,0,0.1,0,0,0,0,0,0,0,0,0,0,0,0,0.1,0,0,0,0,0,0,36.06,7.69,0.1,0,32.47,0,Viperidae
Toxicocalamus longissimus,Toxicocalamus,longissimus,https://www.ncbi.nlm.nih.gov/pubmed/22643073,Papua New Guinea,Oceania,0,0,0,92.1,0,0,0,0,0,0,0,0,0,0,0,0,0,0,0,0,0,0,0,0,0,0,0,0,0,0,0,1.4,0,0,0,6.5,0,Elapidae
Trimeresurus stejnegeri,Trimeresurus,stejnegeri,https://www.ncbi.nlm.nih.gov/pubmed/22906718,Taiwan,Asia,2.85,0,5.51,0,0,0,10.11,0,0,3.03,0,1.1,0,0.83,0,4.14,0,0,0,0,0,0,0,0,0,0,0,0,0,0,0,39.61,2.02,1.38,0,22.52,6.900000000000006,Viperidae
Vipera berus berus,Vipera,berus,https://www.ncbi.nlm.nih.gov/pubmed/27327134,Croatia,Europe,4,0,8,0,0,0,31,0.07,0,2,0,0,0,0,0,11,0,0,0,0,0,0,0,0,0,0,0,0,0,0,0,19,1,2,0,10,11.930000000000007,Viperidae
Vipera kaznakovi,Vipera,kaznakovi,https://www.ncbi.nlm.nih.gov/pubmed/27077884,Russia,Europe,0,0,10,0,0.32,0,11,0,0,4,0,0,0,4,0,0,0,0,0,0,0,0,0,0.01,0.14,0,0,0.21,0,0,0,16,0.53,12,0,41,0.789999999999992,Viperidae
Vipera nikolskii,Vipera,nikolskii,https://www.ncbi.nlm.nih.gov/pubmed/27077884,Russia,Europe,0,0,0.66,0,0.12,0,18.92,0.66,0,0.08,0,0.01,0,7.97,0,0,0,0,0,0,0,0,0,0,0.33,0,0,0.88,0,0,0,0.66,0,3.98,0,64.74,0.9900000000000091,Viperidae
Vipera orlovi,Vipera,orlovi,https://www.ncbi.nlm.nih.gov/pubmed/27077884,Russia,Europe,0,0,12,0,0.52,0,24,0.15,0,5,0,0,0,4,0,0,0,0,0,0,0,0,0,0,0.25,0,0,2,0,0,0,15,0.56,11,0,24,1.5200000000000102,Viperidae
Vipera raddei,Vipera,raddei,https://www.ncbi.nlm.nih.gov/pubmed/18590992,Armenia,Asia,0,0.1,7.39,0,0,0,8.39,0.9,0,0.2,0,3,0,2.4,0,3,0,0,0,0,0,0,0,0,0,0,0,0,0,0,0,31.560000000000002,9.69,9.59,0,23.78,0,Viperidae
Vipera renardii,Vipera,renardii,https://www.ncbi.nlm.nih.gov/pubmed/27077884,Russia,Europe,0,0,8,0,0.54,0,8,0.79,0,4,0,0,0,3,0,0,0,0,0,0,0,0,0,0,0.12,0,0,0.47,0,0,0,12,13,3,0,44,3.0799999999999983,Viperidae
Vipera aspis aspis,Vipera,aspis,https://www.ncbi.nlm.nih.gov/pubmed/32087377,France,Europe,0,0,1.1,0,0.15,0,12.04,1.22,0,1.17,0,0,0,2.51,0,0,0,0,0,0,0,0,0,0.04,0.46,0.15,0,0.29,0,0.25,0,13.38,6.16,11.72,0,30.86,18.5,Viperidae
Vipera berus berus,Vipera,berus,https://www.ncbi.nlm.nih.gov/pubmed/30717298,Russia,Europe,0,0,3.5,0,0,0,16.2,2.6,0,7.3,0,9.5,0,4.3,0,7.8,0,0,0,0,0,0,0,0.1,0.2,0.3,0,0.3,0,0.07,0,17.2,1.6,3.5,0,25.3,0.2300000000000182,Viperidae
Vipera anatolica senliki,Vipera,anatolica,https://www.ncbi.nlm.nih.gov/pubmed/32073270,Turkey,Asia,0,0,9.9,0,0,0,7.2,1.2,0,0.1,0,0,0,0,0,0,0,0,0,0,0,0,0,0,0,0,0,0,0,0,0,42.9,1.9,4.6,0,8.2,24,Viperidae
