Snake,genus,species,Reference,Note,SVMPi (Snake Venom Metalloproteinase inhibitor),DC-fragment (disintegrin-like/cysteine-ichdomains of PIII-SVMP),CRISP (cysteine-rich secretory protein),3Ftx (three-finger toxin),PLB (Phospholipase B),Cro-toxin,SP (Serine roteinase),KuTi (Kunitz-type nhibitor),KaTi (Kazal-type inhibitor),KLK (Kallikrein),LAAO (L-Amino Acid oxidase),VAP (VasoActive Peptides),BPP (Bradykinin-Potentiating Peptides),BIP (Bradykinin-Inhibitory Peptide),VEGF (Vascular Endothelial Growth Factor),NP (Natriuretic Peptide),Muscarinic-toxin,Cyto-toxin,Myo-toxin,Mojave-toxin,Ohanin,Cystatin,Crotamine,NGF (Nerve Growth Factor),PDE (PhosphoDiEsterases),ACHE (AcetylCHolineEsterase),NT5 (5NucleoTidase),QC (Glutaminyl Cyclase),beta-BTx (beta-bungarotoxin),ECTONT (ecto-59-nucleotidase),Unknown peptides,Unknown/Undetermined,SVMP,disintegrin,lectins,neurotoxins,PLA2
Agkistrodon bilineatus bilineatus,Agkistrodon,bilineatus,https://www.ncbi.nlm.nih.gov/pubmed/24211403,Mexico,0,0,0,0,0,0,16.5,0,0,0,4.9,0,4.6,0,0,0,0,0,0,0,0.5,0,0,0.5,0,0,0,0,0,0,0,2.5,24.5,3.1,0.9,0,42
Agkistrodon bilineatus howardgloydi,Agkistrodon,bilineatus,https://www.ncbi.nlm.nih.gov/pubmed/24211403,Costa Rica,0,0,0,0,0,0,16.9,0,0,0,2.6,0,5.5,0,0,0,0,0,0,0,0,0,0,0.2,0,0,0,0,0,0,0,0.6,30.8,2.2,0.4,0,40.8
Agkistrodon bilineatus taylori,Agkistrodon,bilineatus,https://www.ncbi.nlm.nih.gov/pubmed/24211403,Mexico,0,0,5.6,0,0,0,7.6,0,0,0,4.8,0,8.7,0,0,0,0,0,0,0,1,0,0,0,0,0,0,0,0,0,0,3.3,30.6,2.7,1.4,0,34.3
Agkistrodon contortrix contortrix,Agkistrodon,contortrix,https://www.ncbi.nlm.nih.gov/pubmed/24211403,Origin unknown,0,0.1,3.7,0,0,0,14.29,0,0,0,4.4,0,6.59,0,0,0,0,0,0,0,0.1,0,0,0.3,0,0,0,0,0,0,0,2.7,32.47,1.5,2.4,0,31.47
Agkistrodon contortrix contortrix,Agkistrodon,contortrix,https://www.ncbi.nlm.nih.gov/pubmed/27983581,USA,0,0,1.96,0,0,0,14.72,0,0,0,3.97,0,0,0,0,0,0,0,0,0,0,0,0,0,0,0,0.28,0,0,0,0,0,25.26,0,0.77,0,50.77
Agkistrodon contortrix laticinctus,Agkistrodon,contortrix,https://www.ncbi.nlm.nih.gov/pubmed/24211403,Texas,0,0,0,0,0,0,14.1,0,0,0,4.9,0,6.8,0,0,0,0,0,0,0,0,0,0,0.1,0,0,0,0,0,0,0,2.2,30.6,0.8,1.3,0,39.2
Agkistrodon contortrix mokasen,Agkistrodon,contortrix,https://www.ncbi.nlm.nih.gov/pubmed/24211403,Kentucky,0,0,1.9,0,0,0,9.6,0,0,0,6.1,0,5.9,0,0,0,0,0,0,0,0.4,0,0,0.4,0,0,0,0,0,0,0,1.9,29.8,2.2,0.4,0,41.2
Agkistrodon contortrix phaeogaster,Agkistrodon,contortrix,https://www.ncbi.nlm.nih.gov/pubmed/24211403,Missouri,0,0,0,0,0,0,22.5,0,0,0,5.4,0,5.4,0,0.1,0,0,0,0,0,0.5,0,0,0.4,0,0,0,0,0,0,0,1.3,21.4,2.2,0.6,0,40.2
Agkistrodon contortrix pictigaster,Agkistrodon,contortrix,https://www.ncbi.nlm.nih.gov/pubmed/24211403,Texas,0,0,2,0,0,0,8.9,0,0,0,8.8,0,6.2,0,0,0,0,0,0,0,0,0,0,0.2,0,0,0,0,0,0,0,2.2,30.2,0.8,2.5,0,38.2
Agkistrodon piscivorus conanti,Agkistrodon,piscivorus,https://www.ncbi.nlm.nih.gov/pubmed/24211403,Florida,0,0,3,0,0,0,13.9,0,0,0,4.5,0,5.7,0,0,0,0,0,0,0,0,0,0,0,0,0,0,0,0,0,0,2.4,21,2.2,1.3,0,46
Agkistrodon piscivorus leucostoma,Agkistrodon,piscivorus,https://www.ncbi.nlm.nih.gov/pubmed/24211403,Texas,0,0,2,0,0,0,10.1,0,0,0,2.7,0,5.9,0,0,0,0,0,0,0,0,0,0,0,0,0,0,0,0,0,0,4.3,26.1,4.9,0.8,0,43.2
Agkistrodon piscivorus piscivorus,Agkistrodon,piscivorus,https://www.ncbi.nlm.nih.gov/pubmed/24211403,USA,0,0,3.5,0,0,0,13.2,0,0,0,0.8,0,5.8,0,0,0,0,0,0,0,0,0,0,0,0,0,0,0,0,0,0,3.2,33.1,3.6,3.2,0,33.6
Aipysurus laevis,Aipysurus,laevis,https://www.ncbi.nlm.nih.gov/pubmed/26169672,Australia,0,0,2.5,25.3,0,0,0,0,0,0,0,0,0,0,0,0,0,0,0,0,0,0,0,0,0,0,0,0,0,0,0.8,0,0,0,0,0,71.2
Atropoides nummifer mexicanus,Atropoides,nummifer,https://www.ncbi.nlm.nih.gov/pubmed/18161938,Costa rica,0,0.1,1.89,0.1,0,0,21.91,0,0,0,9.06,0,8.57,0,0.1,0,0,0,0,0,0,0,0,0,0,0,0,0,0,0,0,0,18.13,2.49,1.29,0,36.35
Atropoides picadoi,Atropoides,picadoi,https://www.ncbi.nlm.nih.gov/pubmed/18161938,Costa rica,0,0.1,4.79,0,0,0,13.46,0,0,0,2.19,0,1.79,0,0.1,0,0,0,0,0,0,0,0,0,0,0,0,0,0,0,0,0,66.2,0.1,1.79,0,9.47
Austrelaps labialis,Austrelaps,labialis,https://www.ncbi.nlm.nih.gov/pubmed/18307759,Australia,0,0,8,45,0,0,0,9,0,0,0,0,0,0,0,0,0,0,0,0,0,0,0,0,0,0,0,0,0,0,0,2,3,0,0,0,33
Bitis arietans,Bitis,arietans,https://www.ncbi.nlm.nih.gov/pubmed/16786436,Ghana,0,0,0,0,0,0,19.48,4.2,0,0,0,0,0,0,0,0,0,0,0,0,0,1.7,0,0,0,0,0,0,0,0,0.9,0,38.46,17.78,13.19,0,4.3
Bitis caudalis,Bitis,caudalis,https://www.ncbi.nlm.nih.gov/pubmed/17559253,Origin unknown,0,0,1.2,0,0,0,15.1,3.2,0,0,1.7,0,0,0,0,0,0,0,0,0,0,0,0,0,0,0,0,0,0,0,0.3,0,11.5,2.3,4.9,0,59.8
Bitis gabonica,Bitis,gabonica,https://www.ncbi.nlm.nih.gov/pubmed/17203976,Origin unknown,0,0.5,2,0,0,0,26.4,3,0,0,1.3,0,2.8,0,1,0,0,0,0,0,0,9.8,0,0,0,0,0,0,0,0,1.2,0,22.9,3.4,14.3,0,11.4
Bitis nasicornis,Bitis,nasicornis,https://www.ncbi.nlm.nih.gov/pubmed/17559253,Origin unknown,0,0.1,1.3,0,0,0,21.88,0,0,0,3.2,0,0,0,0,0,0,0,0,0,0,4.2,0,0,0,0,0,0,0,0,0.7,0,40.86,3.5,4.2,0,20.08
Bitis rhinoceros,Bitis,rhinoceros,https://www.ncbi.nlm.nih.gov/pubmed/17559253,Origin unknown,0,0.6,1.2,0,0,0,23.9,7.5,0,0,2.2,0,0.3,0,0,0,0,0,0,0,0,5.3,0,0,0,0,0,0,0,0,0.8,0,30.8,8.5,14.1,0,4.8
Bothriechis aurifer,Bothriechis,aurifer,https://www.ncbi.nlm.nih.gov/pubmed/27777178,Guatemala,3.2,0.2,10.69,0,0.7,0,7.29,0,0,0,9.49,0,13.39,0,0,0,0,0,0,0,0,0,0,0,1.2,0,0.4,0,0,0,0,0,35.07,1.2,16.38,0,0
Bothriechis bicolor,Bothriechis,bicolor,https://www.ncbi.nlm.nih.gov/pubmed/27777178,Guatemala,4.46,6.6,0.97,0,0.1,0,18.53,0,0,0,10.48,0,3.49,0,1.07,0,0,0,0,0,0,0,0,1.45,2.62,0,1.94,0.87,0,0,0,0,8.24,0.78,4.27,0,34.14
Bothriechis lateralis,Bothriechis,lateralis,https://www.ncbi.nlm.nih.gov/pubmed/18444672,Costa Rica,0,0,6.49,0,0,0,11.28,0,0,0,6.09,0,11.08,0,0.5,0,0,0,0,0,0,0,0,0,0,0,0,0,0,0,0,0,54.99,0,0.9,0,8.68
Bothriechis lateralis,Bothriechis,lateralis,https://www.ncbi.nlm.nih.gov/pubmed/27777178,Costa Rica,6.16,5.02,0,0,0,0,21.69,0,0,0,6.44,0,10.32,0,3.13,0,0,0,0,0,0,0,0,0,0,0,0,0,0,0,0,4.55,18.47,3.6,0,0,14.49
Bothriechis marchi,Bothriechis,marchi,https://www.ncbi.nlm.nih.gov/pubmed/27777178,Honduras,8.5,4.8,2.8,0,0,0,10.1,0,0,0,1.1,0,10.6,0,0.9,0,0,0,0,0,0,0,0,0,2.1,0,0,0,0,0,0,3.7,35.1,1.7,4.2,0,14.3
Bothriechis nigroviridis,Bothriechis,nigroviridis,https://www.ncbi.nlm.nih.gov/pubmed/20590130,Costa Rica,0,0,2.1,0,0,0,18.4,0,0,0,0.5,0,26.9,10.1,2.8,0,0,0,0,0,0,0,0,0,0,0,0.5,0,0,0,0.4,0,0,0,0,0,38.3
Bothriechis schlegelii,Bothriechis,schlegelii,https://www.ncbi.nlm.nih.gov/pubmed/18444672,Costa Rica,0,0,2.1,0,0,0,5.8,0,8.3,0,8.9,0,13.4,0,0,0,0,0,0,0,0,0,0,0,0,0,0,0,0,0,0,0,17.7,0,0,0,43.8
Bothriechis schlegelii,Bothriechis,schlegelii,https://www.ncbi.nlm.nih.gov/pubmed/27777178,Costa Rica,6.9,0,11.3,0,0.8,0,20.6,6.3,0,0,3.4,0,15.9,0,2.8,0,0,0,0,0,0,0,0,0.01,0.03,0,0,0.7,0,0,0,5.8,8.1,0.1,0,0,17.3
Bothriechis supraciliaris,Bothriechis,supraciliaris,https://www.ncbi.nlm.nih.gov/pubmed/22333435,Costa Rica,0,0,4.3,0,0,0,15.2,0,9,0,5.9,0,21.9,0,1.4,13.2,0,0,0,0,0,0,0,0,0,0,0,0,0,0,3.2,0,6.8,1.6,0,0,13.4
Bothriechis thalassinus,Bothriechis,thalassinus,https://www.ncbi.nlm.nih.gov/pubmed/27777178,Guatemala,9.9,0.8,5.1,0,0.4,0,12.1,0,0,0,4.3,0,10.6,0,1.9,0,0,0,0,0,0,0,0,0,0.8,0,0.3,0.9,0,0,0,0.5,39.6,1.2,11.5,0,0
Bothrocophias campbelli,Bothrocophias,campbelli,https://www.ncbi.nlm.nih.gov/pubmed/25091349,Ecuador,0,0,0.9,0,0,0,21.3,0,0,0,5.7,0,0,0,0,0,0,0,0,0,0,0,0,0,0,0,0.6,0,0,0,3.9,1.4,15.8,0.3,6.4,0,43.1
Bothropoides pauloensis,Bothropoides,pauloensis,https://www.ncbi.nlm.nih.gov/pubmed/22480909,Brazil,0,0,2.19,0,0,0,10.46,0,0,0,2.79,0,6.18,0,0,6.18,0,0,0,0,0,0,0,0.2,0,0,0,0,0,0,0,0,37.95,1.29,0.6,0,32.17
Bothrops alternatus,Bothrops,alternatus,https://www.ncbi.nlm.nih.gov/pubmed/20329766,Brazil,0,0,0,0,0,0,24.1,0,0,0,6.9,0,0,0,0,0,0,0,0,0,0,0,0,0,0,0,0,0,0,0,13.8,0,43.1,2.6,1.7,0,7.8
Bothrops alternatus,Bothrops,alternatus,https://www.ncbi.nlm.nih.gov/pubmed/24069493,Brazil,0,0,2.5,0,2.4,0,5.79,0,0,0,14.89,0,0,0,0,0,0,0,0,0,0,0,0,0.4,1.5,0,0,0.9,0,2.4,0,0,52.15,0,14.79,0,2
Bothrops asper,Bothrops,asper,https://www.ncbi.nlm.nih.gov/pubmed/18557640,Caribbean neonate,0,0,2.48,0,0,0,6.63,0,0,0,2.48,0,0,0,0,0,0,0,0,0,0,0,0,0,0,0,0,0,0,0,0,0,63.269999999999996,1.58,0.1,0,23.47
Bothrops asper,Bothrops,asper,https://www.ncbi.nlm.nih.gov/pubmed/18557640,Caribbean adult,0,0.1,0.1,0,0,0,18.2,0,0,0,9.2,0,0,0,0,0,0,0,0,0,0,0,0,0,0,0,0,0,0,0,0,0,41,2.1,0.5,0,28.8
Bothrops asper,Bothrops,asper,https://www.ncbi.nlm.nih.gov/pubmed/18557640,Pacific adult,0,0.1,0.1,0,0,0,4.4,0,0,0,4.6,0,0,0,0,0,0,0,0,0,0,0,0,0,0,0,0,0,0,0,0,0,43.8,1.4,0.5,0,45.1
Bothrops asper,Bothrops,asper,https://www.ncbi.nlm.nih.gov/pubmed/18557640,Pacific neonate,0,0,0.1,0,0,0,2.6,0,0,0,3.4,0,0,0,0,0,0,0,0,0,0,0,0,0,0,0,0,0,0,0,0,0.1,65.3,0.6,0.2,0,27.7
Bothrops asper,Bothrops,asper,https://www.ncbi.nlm.nih.gov/pubmed/19539636,Costa Rica (Pacific),0,0.1,0.1,0,0,0,4.39,0,0,0,4.59,0,0,0,0,0,0,0,0,0,0,0,0,0,0,0,0,0,0,0,0,0,43.910000000000004,1.4,0.5,0,45.01
Bothrops asper,Bothrops,asper,https://www.ncbi.nlm.nih.gov/pubmed/19539636,Costa Rica (Carribean),0,0.1,0.1,0,0,0,18.2,0,0,0,9.2,0,0,0,0,0,0,0,0,0,0,0,0,0,0,0,0,0,0,0,0,0,41,2.1,0.5,0,28.8
Bothrops atrox,Bothrops,atrox,https://www.ncbi.nlm.nih.gov/pubmed/19665598,Columbia,0,0.1,2.6,0,0,0,10.89,0,0,0,4.7,0,0.15,0,0,0.15,0,0,0,0,0,0,0,0,0,0,0,0,0,0,0,0,48.45,4.9,7.09,0,20.98
Bothrops atrox,Bothrops,atrox,https://www.ncbi.nlm.nih.gov/pubmed/19665598,Brazil,0,0.9,1.8,0,0,0,4.6,0,0,0,2.1,0,0.05,0,0,0.05,0,0,0,0,0,0,0,0,0,0,0,0.2,0,0,0,0,72.1,0.1,0.7,0,17.4
Bothrops atrox,Bothrops,atrox,https://www.ncbi.nlm.nih.gov/pubmed/22300577,Brazil,0,0,2.4,0,0,0,11.1,0,0,0,10.5,0,0,0,0,0,0,0,0,0,0,0,0,0,0,0,0,0,0,0,0,0,58.2,3.2,3.6,0,11
Bothrops atrox,Bothrops,atrox,https://www.ncbi.nlm.nih.gov/pubmed/21278006,Brazil,0,0,3.2,0,0,0,5.5,0,0,0,2.1,0,0,0,0,0,0,0,0,0,0,0,0,0,0,0,0,0,0,0,0,0,72.2,0,0,0,17
Bothrops atrox,Bothrops,atrox,https://www.ncbi.nlm.nih.gov/pubmed/21278006,Brazil,0,0,1.2,0,0,0,4.5,0,0,0,0.7,0,0,0,0,0,0,0,0,0,0,0,0,0,0,0,0,0,0,0,0,0.1,83,0,0.5,0,10
Bothrops atrox,Bothrops,atrox,https://www.ncbi.nlm.nih.gov/pubmed/21278006,Brazil,0,0,1.2,0,0,0,3,0,0,0,1.1,0,0,0,0,0,0,0,0,0,0,0,0,0,0,0,0,0,0,0,0,0,82.3,0,0.4,0,12
Bothrops atrox,Bothrops,atrox,https://www.ncbi.nlm.nih.gov/pubmed/21278006,Brazil,0,0,1.6,0,0,0,6.9,0,0,0,0.5,0,0,0,0,0,0,0,0,0,0,0,0,0,0,0,0,0,0,0,0,0,75,0,0,0,16
Bothrops atrox,Bothrops,atrox,https://www.ncbi.nlm.nih.gov/pubmed/21278006,Brazil,0,0,2.8,0,0,0,0.5,0,0,0,0.5,0,0,0,0,0,0,0,0,0,0,0,0,0,0,0,0,0,0,0,0,0.2,81,0,0,0,15
Bothrops atrox,Bothrops,atrox,https://www.ncbi.nlm.nih.gov/pubmed/21278006,Brazil,0,0,1.6,0,0,0,2.1,0,0,0,1.3,0,0,0,0,0,0,0,0,0,0,0,0,0,0,0,0,0,0,0,0,1.42e-14,77,0,0,0,18
Bothrops atrox,Bothrops,atrox,https://www.ncbi.nlm.nih.gov/pubmed/21278006,Brazil,0,0,2.2,0,0,0,3.49,0,0,0,1.4,0,0,0,0,0,0,0,0,0,0,0,0,0,0,0,0,0,0,0,0,0,84.83000000000001,0,0,0,8.08
Bothrops atrox,Bothrops,atrox,https://www.ncbi.nlm.nih.gov/pubmed/21278006,Brazil,0,0,3.6,0,0,0,2.6,0,0,0,1.5,0,0,0,0,0,0,0,0,0,0,0,0,0,0,0,0,0,0,0,0,1.42e-14,79.5,0,0,0,12.8
Bothrops atrox,Bothrops,atrox,https://www.ncbi.nlm.nih.gov/pubmed/21278006,Brazil,0,0,2.2,0,0,0,4.3,0,0,0,1.5,0,0,0,0,0,0,0,0,0,0,0,0,0,0,0,0,0,0,0,0,0,84,0,0,0,8
Bothrops atrox,Bothrops,atrox,https://www.ncbi.nlm.nih.gov/pubmed/28274896,Venezuela,0,0,2.7,0,0,0,2.5,0,0,0,1.4,0,0,0,0,0,0,0,0,0,0,0,0,0,0,0,0,0,0,0,0,0,84,0,0.9,0,8.5
Bothrops atrox,Bothrops,atrox,https://www.ncbi.nlm.nih.gov/pubmed/28274896,Venezuela,0,0,3.8,0,0,0,2.3,0,0,0,1.2,0,0,0,0,0,0,0,0,0,0,0,0,0,0,0,0,0,0,0,0,0,85,0,0,0,7.7
Bothrops atrox,Bothrops,atrox,https://www.ncbi.nlm.nih.gov/pubmed/28274896,Venezuelan juvenile,0,0,2.2,0,0,0,9.5,0,0,0,1.8,0,0,0,0,0,0,0,0,0,0,0,0,0,0,0,0,0,0,0,0,0,81,0,0,0,5.5
Bothrops atrox,Bothrops,atrox,https://www.ncbi.nlm.nih.gov/pubmed/28274896,Venezuelan adult,0,0,2.8,0,0,0,2.2,0,0,0,1.5,0,0,0,0,0,0,0,0,0,0,0,0,0,0,0,0,0,0,0,0,0,85,0,0,0,8.5
Bothrops atrox,Bothrops,atrox,https://www.ncbi.nlm.nih.gov/pubmed/21278006,Colombia,0,0,2.1,0,0,0,19,0,0,0,2,0,0,0,0,0,0,0,0,0,0,0,0,0,0,0,0,0,0,0,0,1.42e-14,25.8,3.1,0,0,48
Bothrops atrox,Bothrops,atrox,https://www.ncbi.nlm.nih.gov/pubmed/21278006,Brazil,0,0,3.7,0,0,0,11.5,0,0,0,9.1,0,0,0,0.7,0,0,0,0,0,0,0,0,0.5,2.4,0,1.7,0,0,0,0,0,50.900000000000006,0,13.1,0,6.2
Bothrops atrox,Bothrops,atrox,https://www.ncbi.nlm.nih.gov/pubmed/21278006,Brazil,0,0,4.3,0,0,0,14.1,0,0,0,9.4,0,0,0,1.4,0,0,0,0,0,0,0,0,1,2.6,0,2.6,0,0,0,0,0.2,46.5,0,10.2,0,7.5
Bothrops atrox,Bothrops,atrox,https://www.ncbi.nlm.nih.gov/pubmed/21278006,Brazil,0,0,4.3,0,0,0,10.3,0,0,0,8.7,0,0,0,0.7,0,0,0,0,0,0,0,0,0.8,2.7,0,2.1,0,0,0,0,0,51.4,0,13.1,0,5.7
Bothrops atrox,Bothrops,atrox,https://www.ncbi.nlm.nih.gov/pubmed/21278006,Brazil,0,0,3.79,0,0,0,9.68,0,0,0,8.68,0,0,0,0.9,0,0,0,0,0,0,0,0,0.8,2.2,0,1.7,0,0,0,0,0,53.89,0,11.78,0,6.39
Bothrops atrox,Bothrops,atrox,https://www.ncbi.nlm.nih.gov/pubmed/24069493,Brazil,0,0,2.1,0,1.5,0,8.09,0,0,0,14.19,0,0,0,0,0,0,0,0,0,0,0,0,0.3,1.4,0,0,0.9,0,1.2,0,0,54.54,0,12.19,0,3.3
Bothrops ayerbei,Bothrops,ayerbei,https://www.ncbi.nlm.nih.gov/pubmed/24231109,Colombia,0,0,1.1,0,0,0,9.3,0,0,0,3.3,0,8.3,0,0,0,0,0,0,0,0,0,0,0.1,0.7,0,0,0,0,0,8.7,1.7,53.7,2.3,10.1,0,0.7
Bothrops barnetti,Bothrops,barnetti,https://www.ncbi.nlm.nih.gov/pubmed/22300577,Peru,0,0,3.1,0,0,0,6.7,0,0,0,0.8,0,0,0,0,0,0,0,0,0,0,0,0,0,0,0,0,0,0,0,0,0.1,74.1,5.5,3.3,0,6.4
Bothrops caribbaeus,Bothrops,caribbaeus,https://www.ncbi.nlm.nih.gov/pubmed/18785768,Carribean,0,0.2,2.6,0,0,0,4.7,0,0,0,8.4,0,0,0,0,0,0,0,0,0,0,0,0,0,0,0,0,0,0,0,0,1.2,68.6,1.5,0,0,12.8
Bothrops colombiensis,Bothrops,colombiensis,https://www.ncbi.nlm.nih.gov/pubmed/19457355,Venezuela,0,0.5,0.1,0,0,0,1,0,0,0,5.69,0,0.4,0,0,0.4,0,0,0,0,0,0,0,0,0,0,0,0,0,0,0,0,42.06,5.59,0,0,44.26
Bothrops cotiara,Bothrops,cotiara,https://www.ncbi.nlm.nih.gov/pubmed/18760386,Brazil,0,0.5,3.6,0,0,0,14.4,0,0,0,3.8,0,0,0,1.65,0,0,0,0,0,0,0,0,1.65,0,0,0,0,0,0,0,0,73.1,1.2,0.1,0,0
Bothrops cotiara,Bothrops,cotiara,https://www.ncbi.nlm.nih.gov/pubmed/24069493,Brazil,0,0,2.9,0,2.5,0,13,0,0,0,19.6,0,0,0,0,0,0,0,0,0,0,0,0,0.7,0.1,0,0,0.7,0,3.2,0,0,51,0,4.7,0,0.6
Bothrops diporus,Bothrops,diporus,https://www.ncbi.nlm.nih.gov/pubmed/26712790,Argentina,2.6,1.4,1.2,0,0.3,0,7.2,0,0,0,7.4,15.9,0,0,0,0,0,0,0,0,0,0,0,0,1.6,0,1.1,0.1,0,0,0,0,34.2,0,2.9,0,24.1
Bothrops erythromelas,Bothrops,erythromelas,https://www.ncbi.nlm.nih.gov/pubmed/25462430,Juazeiro,0,1.4,0,0,0.5,0,7.19,0,0,0,0,0,11.39,0,2.7,0,0,0,0,0,0,0,0,0,0,0,0.5,0,0,0,0,0,38.76,5.29,17.18,0,15.08
Bothrops erythromelas,Bothrops,erythromelas,https://www.ncbi.nlm.nih.gov/pubmed/25462430,Ceara,0,1.1,0,0,0.1,0,4,0,0,0,0,0,10.99,0,1.5,0,0,0,0,0,0,0,0,0,0.4,0,0,0,0,0,0,0,42.95,3.6,21.58,0,13.79
Bothrops erythromelas,Bothrops,erythromelas,https://www.ncbi.nlm.nih.gov/pubmed/25462430,Paraiba,0,0.9,0,0,0,0,5.8,0,0,0,0,0,14.5,0,1.3,0,0,0,0,0,0,0,0,0,0,0,0,0,0,0,0,0,49.8,8.9,8.7,0,10.1
Bothrops erythromelas,Bothrops,erythromelas,https://www.ncbi.nlm.nih.gov/pubmed/25462430,Pernambuco,0,1.2,0.4,0,0,0,6,0,0,0,0,0,9.3,0,2.4,0,0,0,0,0,0,0,0,0,0.4,0,0,0,0,0,0,0.2,45.2,3.4,18,0,13.5
Bothrops erythromelas,Bothrops,erythromelas,https://www.ncbi.nlm.nih.gov/pubmed/25462430,ilha de Itaparica,0,2.1,0,0,0.1,0,9.7,0,0,0,0,0,12.2,0,2.3,0,0,0,0,0,0,0,0,0,0,0,0,0,0,0,0,1.2,48.2,5.3,8.4,0,10.5
Bothrops fonsecai,Bothrops,fonsecai,https://www.ncbi.nlm.nih.gov/pubmed/18760386,Brazil,0,0.7,2.4,0,0,0,4.1,0,0,0,1.9,0,0,0,1.95,0,0,0,0,0,0,0,0,1.95,0,0,0,0,0,0,0,0.2,42.5,4.4,9.8,0,30.1
Bothrops insularis,Bothrops,insularis,https://www.ncbi.nlm.nih.gov/pubmed/19211044,Brazil,0,0,1.3,0,0,0,12.46,0,0,0,1.3,0,11.27,0,1.3,0,0,0,0,0,0,0,0,1.3,0,0,0,0,0,0,0,0,29.91,0,31.21,0,9.97
Bothrops jararaca,Bothrops,jararaca,https://www.ncbi.nlm.nih.gov/pubmed/24069493,Brazil,0,0,1.4,0,0.8,0,11.7,0,0,0,10.7,0,0,0,1.8,0,0,0,0,0,0,0,0,0.3,1.3,0,0,0.4,0,1.1,0,0.1,42.800000000000004,0,24.4,0,3.2
Bothrops jararaca*,Bothrops,jararaca*,https://www.ncbi.nlm.nih.gov/pubmed/25968638,Brazil (south),0,0.39,2.52,0,0.16,0,27.76,0,0,0,7.77,21.94,0,0,0,0,0,0,0,0,0,0,0,0.29,0.02,0,0.19,0.04,0,0,0,0,9.99,0.19,3.79,0,19.61
Bothrops jararaca*,Bothrops,jararaca*,https://www.ncbi.nlm.nih.gov/pubmed/25968638,Brazil (south-east),0,0.6,2.4,0,0.7,0,13.7,0,0,0,7.2,16.4,0,0,1.7,0,0,0,0,0,0,0,0,0,0,0,0,0,0,0,0,1.4,35.6,7,9.3,0,3.7
Bothrops jararacussu,Bothrops,jararacussu,https://www.ncbi.nlm.nih.gov/pubmed/24069493,Brazil,0,0,2.2,0,1.7,0,12.3,0,0,0,15,0,0,0,0,0,0,0,0,0,0,0,0,0.6,1.7,0,0,1,0,3.9,0,0,26.2,0,9.7,0,25.7
Bothrops lanceolatus,Bothrops,lanceolatus,https://www.ncbi.nlm.nih.gov/pubmed/18785768,Carribean,0,0,0,0,0,0,14.39,0,0,0,2.8,0,0,0,0,0,0,0,0,0,0,0,0,0,0,0,0,0,0,0,0,0,74.12,0,0.1,0,8.59
Bothrops neuwiedi,Bothrops,neuwiedi,https://www.ncbi.nlm.nih.gov/pubmed/24069493,Brazil,0,0,2,0,1.4,0,8.8,0,0,0,16.7,0,0,0,0.4,0,0,0,0,0,0,0,0,0.3,1.2,0,0,0.8,0,1.5,0,0,49.9,0,8.6,0,8.4
Bothrops pictus,Bothrops,pictus,https://www.ncbi.nlm.nih.gov/pubmed/22300577,Peru,0,0,0,0,0,0,7.7,0,0,0,0,0,0,0,0,0,0,0,0,0,0,0,0,0,0,0,0,0,0,0,0,0.2,68,8.9,1.1,0,14.1
Bothrops pirajai,Bothrops,pirajai,https://www.ncbi.nlm.nih.gov/pubmed/23385358,Brazil,0,0,0,0,0,0,7.1,0,0,0,5.2,0,0,0,0,0,0,0,0,0,0,0,0,0,0,0,0,0,0,0,5.6,10.6,20.7,1.4,9.2,0,40.2
Bothrops punctatus,Bothrops,punctatus,https://www.ncbi.nlm.nih.gov/pubmed/24498576,Colombia,0,0,1.2,0,0,0,5.4,0,0,0,3.1,0,10.7,0,1.7,0,0,0,0,0,0,0,0,0,0,0,0,0,0,0,0,6.6,41.5,3.8,16.7,0,9.3
Bungarus caeruleus,Bungarus,caeruleus,https://www.ncbi.nlm.nih.gov/pubmed/28476572,Sri Lanka,0,0,5.5,19,0,0,0,4.4,0,0,0,0,0,0,0,0,0,0,0,0,0,0,0,0.1,0,1.6,0,0,0,0,0,3.6,1.3,0,0,0,64.5
Bungarus candidus,Bungarus,candidus,https://www.ncbi.nlm.nih.gov/pubmed/25154052,Malaysia,0,0,3.9,30.07,1,0,3.9,12.59,0,0,5.79,0,0,0,0,1,0,0,0,0,0,0,0,1,0,4.9,0,0,0,0,0,0,4.9,0,0,0,25.17
Bungarus fasciatus,Bungarus,fasciatus,https://www.ncbi.nlm.nih.gov/pubmed/25154052,Malaysia,0,0,1.2,17.37,0,0,5.79,9.28,0,0,5.79,0,0,0,1.2,0,0,0,0,0,0,0,0,0,1.2,4.69,2.3,0,0,0,0,0,4.69,0,0,0,44.11
Bungarus fasciatus,Bungarus,fasciatus,https://www.ncbi.nlm.nih.gov/pubmed/26341420,Vietnam,0,0,0.42,1.27,0.71,0,0,1.83,0,0,7.07,0,0,0,0.1,0,0,0,0,0,0,0,0,1.1,0,5.08,0,0,0.66,0,0,11.39,3.54,0,0,0,66.83
Bungarus multicinctus,Bungarus,multicinctus,https://www.ncbi.nlm.nih.gov/pubmed/26341420,Vietnam,0,0,2.42,27.5,0.33,0,0.08,2.26,0,0,2.11,0,0,0,0.08,0.09,0,0,0,0,0,0,0,0.32,0,1.1,0,0,40.75,0,0,6.36,0.78,0,0,0,15.34
Calloselasma rhodostoma,Calloselasma,rhodostoma,https://www.ncbi.nlm.nih.gov/pubmed/27418434,Malaysia,0,0,0,0,0.9,0,14.9,0,0,0,7,0,0,0,0,0,0,0,0,0,0,0,0,0.6,0.2,0,0.3,0,0,0,0,8.2,41.2,0,26,0,0
Cerastes cerastes cerastes,Cerastes,cerastes,https://www.ncbi.nlm.nih.gov/pubmed/16206329,Tunesia,0,0,0,0,0,0,8.18,0,0,0,10.91,0,0,0,0,0,0,0,0,0,0,0,0,0,0,0,0,0,0,0,0,0,33.64,7.27,21.82,0,18.18
Cerastes cerastes cerastes,Cerastes,cerastes,https://www.ncbi.nlm.nih.gov/pubmed/22387316,Morocco,0,0,0.7,0,0,0,6.9,0,0,0,0,0,0,0,0,0,0,0,0,0,0,0,0,0,0,0,0,0,0,0,0,0,63.099999999999994,8.5,1.7,0,19.1
Cerastes cerastes cerastes,Cerastes,cerastes,https://www.ncbi.nlm.nih.gov/pubmed/22387316,Tunesia,0,0,0,0,0,0,13.2,0,0,0,6.2,0,0,0,0,0,0,0,0,0,0,0,0,0,0,0,0,0,0,0,0,0,55.9,4.9,3.2,0,16.6
Cerastes vipera,Cerastes,vipera,https://www.ncbi.nlm.nih.gov/pubmed/16206329,Tunesia,0,0,0,0,0,0,20,0,0,0,9,0,0,0,0,0,0,0,0,0,0,0,0,0,0,0,0,0,0,0,0,0,48,1,1,0,21
Cerrophidion godmani,Cerrophidion,godmani,https://www.ncbi.nlm.nih.gov/pubmed/22212456,Costa rica,0,0,4.2,0,0,0,19.1,0,0,0,5,0,5.7,0,0,0,0,0,0,0,0,0,0,0,1.3,0,0,0,0,0,0,0.5,32.8,7.5,0.5,0,23.4
Cerrophidion sasai,Cerrophidion,sasai,https://www.ncbi.nlm.nih.gov/pubmed/22212456,Costa rica,0,0,4.2,0,0,0,19.1,0,0,0,5,0,5.7,0,0,0,0,0,0,0,0,0,0,0,1.3,0,0,0,0,0,0.5,0,32.8,7.5,0.5,0,23.4
Crotalus adamanteus,Crotalus,adamanteus,https://www.ncbi.nlm.nih.gov/pubmed/24231107,Florida,0,0,2.8,0,0,0,25,0,0,0,0.2,0,0,0,0,0,0,0,23,0,0,0,0,0,0,0,0,0,0,0,0,0,16,0,5,0,28
Crotalus adamanteus*,Crotalus,adamanteus*,https://www.ncbi.nlm.nih.gov/pubmed/23025625,Transcriptomics Florida,0,0,1.3,0,0,0,20,0,0,0,5.3,0,0,0,0,0,0,0,0,0,0,0,16.8,0,0,0,0,0,0,0,0,2.2,24.4,0,22.2,0,7.8
Crotalus atrox,Crotalus,atrox,https://www.ncbi.nlm.nih.gov/pubmed/19371136,Origin unknown,0,0,4.24,0,0,0,19.55,0,0,0,7.9,0,0.89,1.09,1.09,0.99,0,0,0,0,0,0,0,0,0,0,0,0.1,0,0,0.1,0,49.06,6.12,1.68,0,7.21
Crotalus basiliscus,Crotalus,basiliscus,https://www.ncbi.nlm.nih.gov/pubmed/28238904,Mexico,4,0,0,0,0,0,11,0,0,0,0,0,2,0,0,0,0,0,0,0,0,0,0,0,0,0,0,0,0,0,0,1,68,0,0,0,14
Crotalus durissus cascavella,Crotalus,durissus,https://www.ncbi.nlm.nih.gov/pubmed/20542151,Adult and young in Brazil,0,0,0.9,0,0,72.5,1.2,0,0,0,0.1,0,0,0,1.1,0,0,0,0,0,0,0,0,0,0,0,0,0,0,0,0,5.7,0.1,0.2,0.1,0,18.1
Crotalus durissus collilineatus,Crotalus,durissus,https://www.ncbi.nlm.nih.gov/pubmed/20542151,Brazil,0,0,1.58,0,0,78.81,0.5,0,0,0,2.57,0,0,0,2.57,0,0,0,0,0,0,0,0,0,0,0,0,0,0,0,0,0,2.28,0.4,0.1,0,11.19
Crotalus durissus collilineatus,Crotalus,durissus,https://www.ncbi.nlm.nih.gov/pubmed/20542151,Adult and young in Brazil,0,0,1.8,0,0,67.33,1.9,0,0,0,0.5,0,0,0,2.1,0,0,0,0,0,0,0,20.78,0,0,0,0,0,0,0,0,0,0.4,0.5,0.1,0,4.6
Crotalus durissus collilineatus*,Crotalus,durissus,https://www.ncbi.nlm.nih.gov/pubmed/19230843,Transcriptomics Brazil,0,0,0,0,0,88,2.5,0,0,0,0,0,0,0,4,0,0,0,0,0,0,0,0,0,0,0,0,0,0,0,0,2.5,3,0,0,0,0
Crotalus durissus cumanensis,Crotalus,durissus,https://www.ncbi.nlm.nih.gov/pubmed/19863078,Venezuela,0,0,0,0,0,2.6,1.9,0,0,0,2.7,0,0,1.1,0,0,0,0,0,0,0,0,13.1,0,0,0,0,0,0,0,0,0,64.8,7.9,2.5,0,3.4
Crotalus durissus durissus,Crotalus,durissus,https://www.ncbi.nlm.nih.gov/pubmed/19863078,Guyana,0,0,0,0,0,67.86,5.09,0,0,0,3.59,0,0,0.9,0,0,0,0,0,0,0,0,17.96,0,0,0,0,0,0,0,0,0,2.4,0,0.2,0,2
Crotalus durissus ruruima,Crotalus,durissus,https://www.ncbi.nlm.nih.gov/pubmed/19863078,Brazil,0,0,0,0,0,82.62,8.09,0,0,0,0.5,0,0,0.1,0,0,0,0,0,0,0,0,1.5,0,0,0,0,0,0,0,0,0,2.9,0,4.3,0,0
Crotalus durissus terrificus,Crotalus,durissus,https://www.ncbi.nlm.nih.gov/pubmed/19863078,Brazil,0,0,0,0,0,59.5,8.2,0,0,0,4.5,0,0.5,1.8,0,0,0,0,0,0,0,0,19,0,0,0,0,0,0,0,0,0,4.8,0,1.7,0,0
Crotalus durissus terrificus,Crotalus,durissus,https://www.ncbi.nlm.nih.gov/pubmed/20205475,Origin unknown,0,0,0,0,0,0,25.3,0,0,0,0,0,0,0,0,0,0,0,0,0,0,0,0,1.9,1.9,0,7.8,1,0,0,9.7,0,3.9,0,0,0,48.5
Crotalus horridus*,Crotalus,horridus*,https://www.ncbi.nlm.nih.gov/pubmed/23758969,Florida,0,0,0.8,0,0,0,58.2,0,0,0,1.1,0,0,0,0,0,0,0,0,0,0,0,0.2,0,0,0,0,0,0,0,0,16.58,0.1,0,0.22,0,22.8
Crotalus oreganus helleri,Crotalus,oreganus,https://www.ncbi.nlm.nih.gov/pubmed/24463169,Catalina Island 1,23.67,0,15.39,0,0,0,0,0,0,10.05,4.15,0,7.69,0,0,0,0,0,0,0,0,0,25.3,0.73,0,0,0,0,0,0,0,0,0,0,9.17,0,3.86
Crotalus oreganus helleri,Crotalus,oreganus,https://www.ncbi.nlm.nih.gov/pubmed/24463169,Phelan 1,26.34,0,2.98,0,0,0,0,0,0,22.16,5.26,0,9.53,0,1.67,0,0,0,0,0,0,0,28.77,0,0,0,0,0,0,0,0,0,0,0.78,0,0,2.52
Crotalus oreganus helleri,Crotalus,oreganus,https://www.ncbi.nlm.nih.gov/pubmed/24463169,Idyllwild 1,0.3,0,0,0,0,0,0,0,0,21.26,5.48,0,1.08,0,0,0,0,0,0,0,0,0,40.64,0,0,0,0,0,0,0,0,0.01,0,1.7,0,0,29.53
Crotalus oreganus helleri,Crotalus,oreganus,https://www.ncbi.nlm.nih.gov/pubmed/24463169,Phelan 2,51.01,0,1.45,0,0,0,0,0,0,16.31,7.99,0,6.36,0,0,0,0,0,0,0,0,0,7.23,0,0,0,0,0,0,0,0,0.02,0,3.08,1.5,0,5.05
Crotalus oreganus helleri,Crotalus,oreganus,https://www.ncbi.nlm.nih.gov/pubmed/24463169,Loma Linda 1,16.91,0,3.85,0,0,0,0,0,0,20.2,4.52,0,8.58,0,0.92,0,0,0,0,0,0,0,40.17,0,0,0,0,0,0,0,0,0.03,0,1.35,0,0,3.47
Crotalus oreganus helleri,Crotalus,oreganus,https://www.ncbi.nlm.nih.gov/pubmed/24463169,Idyllwild 3,0.1,0,0,0,0,0,0,0,0,11.86,2.89,0,3.54,0,0,0,0,0,0,0,0,0,51.39,0,0,0,0,0,0,0,0,0.1,0,2.58,0,0,27.54
Crotalus oreganus helleri,Crotalus,oreganus,https://www.ncbi.nlm.nih.gov/pubmed/24463169,Idyllwild 2,0,0,0,0,0,0,0,0,0,16.25,3.8,0,1.66,0,0,0,0,0,0,0,0,0,60.99,0,0,0,0,0,0,0,0,0.2,0,0.15,0,0,16.95
Crotalus oreganus helleri,Crotalus,oreganus,https://www.ncbi.nlm.nih.gov/pubmed/24463169,Phelan 3,18.2,0,4.68,0,0,0,0,0,0,25.26,8.7,0,5.89,0,0,0,0,0,0,0,0,0,31.58,0,0,0,0,0,0,0,0,0.35,0,1.17,0.85,0,3.32
Crotalus oreganus helleri,Crotalus,oreganus,https://www.ncbi.nlm.nih.gov/pubmed/24463169,Loma Linda 2,33.36,0,2.39,0,0,0,0,0,0,18.51,7.52,0,9.63,0,0,0,0,0,0,0,0,0,23.48,0,0,0,0,0,0,0,0,0.91,0,1.26,0,0,2.94
Crotalus oreganus helleri,Crotalus,oreganus,https://www.ncbi.nlm.nih.gov/pubmed/24463169,Catalina Island 2,14.88,0,18.49,0,0,0,0,0,0,13.95,7.11,0,9.22,0,0,0,0,0,0,0,0,0,22.84,0.15,0,0,0,0,0,0,0,1.13,0,0,9.5,0,2.73
Crotalus oreganus helleri,Crotalus,oreganus,https://www.ncbi.nlm.nih.gov/pubmed/24463169,Catalina Island 3,29.09,0,13.87,0,0,0,0,0,0,9.23,0,0,8.9,0,0,0,0,0,0,0,0,0,16.69,0.44,0,0,0,0,0,0,0,1.34,0,0,15.01,0,5.43
Crotalus scutulatus scutulatus,Crotalus,scutulatus,https://www.ncbi.nlm.nih.gov/pubmed/22446891,Arizona (A-101),0,0,0,0,0,0,24.5,0,0,0,1.1,5.08,0,0,0,0,0,0,0,0,0,0,0,0,0,0,0,0,0,0,0.5,0,57.67,0,0.1,0,11.06
Crotalus scutulatus scutulatus,Crotalus,scutulatus,https://www.ncbi.nlm.nih.gov/pubmed/22446891,Arizona (F-303),0,0,0,0,0,0,36.13,0,0,0,0.1,3.89,0,0,0,0,0,0,0,46.91,0,0,0,0,0,0,0,0,0,0,2.4,0,0.1,0,0,0,10.48
Crotalus scutulatus scutulatus,Crotalus,scutulatus,https://www.ncbi.nlm.nih.gov/pubmed/22446891,Arizona (F-307),0,0,0.1,0,0,0,41.52,0,0,0,0.1,3.19,0,0,0,0,0,0,0,45.21,0,0,0,0,0,0,0,0,0,0,2.89,0,0.1,0,0,0,6.89
Crotalus scutulatus scutulatus,Crotalus,scutulatus,https://www.ncbi.nlm.nih.gov/pubmed/22446891,Arizona (E-105),0,0,0,0,0,0,37.52,0,0,0,0.1,2.89,0,0,0,0,0,0,29.54,17.66,0,0,0,0,0,0,0,0,0,0,3.29,0,0.1,0,0,0,8.88
Crotalus scutulatus scutulatus,Crotalus,scutulatus,https://www.ncbi.nlm.nih.gov/pubmed/22446891,Arizona (E-104),0,0,0,0,0,0,28.84,0,0,0,1.3,3.39,0,0,0,0,0,0,34.03,17.27,0,0,0,0,0,0,0,0,0,0,2.3,0,0.1,0,0,0,12.77
Crotalus scutulatus scutulatus,Crotalus,scutulatus,https://www.ncbi.nlm.nih.gov/pubmed/22446891,Arizona (E-106),0,0,0.3,0,0,0,28.07,0,0,0,1.2,5.09,0,0,0,0,0,0,24.38,27.67,0,0,0,0,0,0,0,0,0,0,2.9,0,0.1,0,0,0,10.29
Crotalus scutulatus scutulatus,Crotalus,scutulatus,https://www.ncbi.nlm.nih.gov/pubmed/22446891,Arizona (E-203),0,0,0,0,0,0,32.07,0,0,0,0.8,1.7,0,0,0,0,0,0,19.18,35.66,0,0,0,0,0,0,0,0,0,0,2.9,0,0.1,0,0,0,7.59
Crotalus scutulatus scutulatus,Crotalus,scutulatus,https://www.ncbi.nlm.nih.gov/pubmed/22446891,New Mexico (F-301),0,0,0.1,0,0,0,29.77,0,0,0,1.1,4.4,0,0,0,0,0,0,0,53.25,0,0,0,0,0,0,0,0,0,0,2.2,0,0.3,0,0,0,8.89
Crotalus scutulatus scutulatus,Crotalus,scutulatus,https://www.ncbi.nlm.nih.gov/pubmed/22446891,Arizona (A-103),0,0,0,0,0,0,21.88,0,0,0,1.3,5.29,0,0,0,0,0,0,0,0,0,0,0,0,0,0,0,0,0,0,0.1,0,59.14,0,0.2,0,12.09
Crotalus scutulatus scutulatus,Crotalus,scutulatus,https://www.ncbi.nlm.nih.gov/pubmed/22446891,Arizona (E-202),0,0,0,0,0,0,30.87,0,0,0,1.4,1.9,0,0,0,0,0,0,12.49,39.66,0,0,0,0,0,0,0,0,0,0,2.8,0,0.1,0,0,0,10.79
Crotalus scutulatus scutulatus,Crotalus,scutulatus,https://www.ncbi.nlm.nih.gov/pubmed/22446891,Arizona (E-204),0,0,0.3,0,0,0,30.1,0,0,0,0.7,2.2,0,0,0,0,0,0,23.9,27.6,0,0,0,0,0,0,0,0,0,0,3.3,0,1.1,0,0,0,10.8
Crotalus scutulatus scutulatus,Crotalus,scutulatus,https://www.ncbi.nlm.nih.gov/pubmed/22446891,Arizona (A-108),0,0,0,0,0,0,23.8,0,0,0,1.2,4.8,0,0,0,0,0,0,0,0,0,0,0,0,0,0,0,0,0,0,0.2,0,54.6,0,0.2,0,15.2
Crotalus scutulatus scutulatus,Crotalus,scutulatus,https://www.ncbi.nlm.nih.gov/pubmed/22446891,Arizona (B-110),0,0,0,0,0,0,22.2,0,0,0,2.1,5.7,0,0,0,0,0,0,5.5,0,0,0,0,0,0,0,0,0,0,0,1.8,0,48.2,0,0.2,0,14.3
Crotalus scutulatus scutulatus,Crotalus,scutulatus,https://www.ncbi.nlm.nih.gov/pubmed/22446891,Arizona (C-107),0,0,0.1,0,0,0,18.9,0,0,0,1.5,4.7,0,0,0,0,0,0,0,7.6,0,0,0,0,0,0,0,0,0,0,0.8,0,52.699999999999996,0,0.1,0,13.6
Crotalus scutulatus scutulatus,Crotalus,scutulatus,https://www.ncbi.nlm.nih.gov/pubmed/22446891,Arizona (D-201),0,0,0,0,0,0,19.3,0,0,0,1.5,3.8,0,0,0,0,0,0,18.1,34.2,0,0,0,0,0,0,0,0,0,0,2.1,0,3.4,0,0,0,17.6
Crotalus scutulatus scutulatus,Crotalus,scutulatus,https://www.ncbi.nlm.nih.gov/pubmed/22446891,New Mexico (F-302),0,0,0.3,0,0,0,40.2,0,0,0,0.7,4.6,0,0,0,0,0,0,0,35.9,0,0,0,0,0,0,0,0,0,0,2.6,0,0.1,0,0,0,15.6
Crotalus scutulatus scutulatus,Crotalus,scutulatus,https://www.ncbi.nlm.nih.gov/pubmed/22446891,New Mexico (F-304),0,0,0.2,0,0,0,33.5,0,0,0,0.1,3.8,0,0,0,0,0,0,0,51.4,0,0,0,0,0,0,0,0,0,0,2.2,0,0.1,0,0,0,8.7
Crotalus scutulatus scutulatus,Crotalus,scutulatus,https://www.ncbi.nlm.nih.gov/pubmed/22446891,Arizona (F-306),0,0,0.1,0,0,0,41.5,0,0,0,0.1,3.9,0,0,0,0,0,0,0,43.9,0,0,0,0,0,0,0,0,0,0,2.8,0,0.1,0,0,0,7.6
Crotalus scutulatus scutulatus,Crotalus,scutulatus,https://www.ncbi.nlm.nih.gov/pubmed/22446891,Arizona (D-109),0,0,0,0,0,0,9.6,0,0,0,1.2,4.1,0,0,0,0,0,0,26.2,21.2,0,0,0,0,0,0,0,0,0,0,1.6,0.2,19.4,0,0,0,16.5
Crotalus scutulatus scutulatus,Crotalus,scutulatus,https://www.ncbi.nlm.nih.gov/pubmed/22446891,New Mexico (F-305),0,0,0.1,0,0,0,41.1,0,0,0,0.1,3.5,0,0,0,0,0,0,0,44.1,0,0,0,0,0,0,0,0,0,0,2.8,0.8,0.1,0,0,0,7.4
Crotalus scutulatus scutulatus,Crotalus,scutulatus,https://www.ncbi.nlm.nih.gov/pubmed/22446891,Arizona (A-102),0,0,0,0,0,0,23.9,0,0,0,1.1,4.6,0,0,0,0,0,0,0,0,0,0,0,0,0,0,0,0,0,0,0.9,1,54.6,0,0.1,0,13.8
Crotalus simus,Crotalus,simus,https://www.ncbi.nlm.nih.gov/pubmed/19863078,Costa Rican adult,0,0,0,0,0,52.7,36,0,0,0,0,0,1.3,2.7,0,0,0,0,0,0,0,0,0,0,0,0,0,0,0,0,0,0,2,2.1,0,0,3.2
Crotalus simus,Crotalus,simus,https://www.ncbi.nlm.nih.gov/pubmed/19863078,Costa Rican neonate (6-week-old),0,0,0,0,0,4.1,5.3,0,0,0,3.8,0,2,1.5,0,0,0,0,0,0,0,0,0,0,0,0,0,0,0,0,0,0,71.7,8.1,0,0,3.5
Crotalus simus culminatus,Crotalus,simus,https://www.ncbi.nlm.nih.gov/pubmed/23727490,Mexico,0,0,3.5,0,0,0,15.9,0,0,0,4.7,11.6,0,0,0,0,0,0,0,0,0,0,3.3,1,0,0,0,0,0,0,0,3.5,48.5,3.8,0.8,0,3.4
Crotalus simus culminatus,Crotalus,simus,https://www.ncbi.nlm.nih.gov/pubmed/28731347,Mexican adult,7.89,0,5.59,0,0,0,16.48,0,0,0,11.59,0,0,0,0,0,0,0,0,0,0,0,5.99,0,0,0,0.1,0,0,0,0,0,45.85,2.7,0,0,3.8
Crotalus simus culminatus,Crotalus,simus,https://www.ncbi.nlm.nih.gov/pubmed/28731347,Mexican neonate,6.58,0,3.69,0,0,0,13.06,0,0,0,8.87,0,0,0,0,0,0,0,0,0,0,0,11.07,0,0,0,0,0,0,0,0,0,41.480000000000004,1.69,0.1,0,13.46
Crotalus simus simus,Crotalus,simus,https://www.ncbi.nlm.nih.gov/pubmed/23727490,Mexico,0,0,1,0,0,14.3,30.4,0,0,0,5.7,6.5,0,0,0,0,0,0,0,0,0,0,0,1.1,0.5,0,0,0,0,0,0,2.9,27.4,1.5,0.6,0,8.1
Crotalus simus simus,Crotalus,simus,https://www.ncbi.nlm.nih.gov/pubmed/28731347,Mexican adult,6.6,0,3.9,0,0,16.8,23.7,0,0,0,3.5,0,0,2.1,1,0,0,0,0,0,0,0,0,0,1.1,0,0,0,0,0,0,1.2,31.8,4.3,0.1,0,3.9
Crotalus simus simus,Crotalus,simus,https://www.ncbi.nlm.nih.gov/pubmed/28731347,Mexican neonate,1.68,0,10.96,0,0,25.86,32.28,0,0,0,1.97,0,5.53,1.18,3.55,0,0,0,0,0,0,0,0,0,1.78,0,0,0,0,0,0,0,5.23,0,0,0,9.97
Crotalus simus tzabcan,Crotalus,simus,https://www.ncbi.nlm.nih.gov/pubmed/28731347,Mexican adult,6.3,0,0,0,0,3,15.4,0,0,0,1.95,0,0,2.6,0,0,0,0,0,0,0,0,18.5,0,0.6,0,0,0.3,0,0,0,1.45,31.8,5.1,10.4,0,2.6
Crotalus simus tzabcan,Crotalus,simus,https://www.ncbi.nlm.nih.gov/pubmed/28731347,Mexican neonate,2.31,0,0,0,0,0.18,18.31,0,0,0,4.25,0,0,4.9,0.18,0,0,0,0,0,0,0,35.05,0.74,8.88,0,0.13,0,0,0,0,0,6.66,0,4.9,0,13.5
Crotalus tigris,Crotalus,tigris,https://www.ncbi.nlm.nih.gov/pubmed/22181673,Origin unknown,0,0,1.9,0,0,0,26.75,0,0,0,0,0,0,0,4.99,0,0,0,0,66.07,0,0,0,0,0,0,0,0,0,0,0,0,0.1,0.2,0,0,0
Crotalus viridis viridis,Crotalus,viridis,https://www.ncbi.nlm.nih.gov/pubmed/25819372,Colorado (adult female),8.18,0,4.65,0,0.11,0,19.88,0,0,0,11.46,0,10.78,0,0,0,0,0,5.49,0,0.21,0,0,0,0,0,0,0.11,0,0,0,0,20.97,0.7,1.81,0,15.67
Crotalus viridis viridis,Crotalus,viridis,https://www.ncbi.nlm.nih.gov/pubmed/25819372,Colorado (neonate female),0.1,0,2.12,0,0.12,0,26.72,0,0,0,2.84,0,6.46,0,0,0,0,0,35.45,0,0.62,0,0,0,0,0,0,0.26,0,0,0,0,11.33,0.14,3.32,0,10.520000000000001
Crotalus viridis viridis,Crotalus,viridis,https://www.ncbi.nlm.nih.gov/pubmed/25819372,Colorado (neonate male),4.51,0,4.01,0,0.19,0,18.2,0,0,0,7.56,0,6.41,0,0,0,0,0,25.16,0,0,0,0,0,0,0,0,0.83,0,0,0,0,14.2,0.76,7.27,0,10.9
Crotalus viridis viridis,Crotalus,viridis,https://www.ncbi.nlm.nih.gov/pubmed/25819372,Colorado (adult male),0,0,3.88,0,0,0,26.82,0,0,0,0,0,8.23,0,0,0,0,0,38.07,0,0.52,0,0,0,0,0,0,0.12,0,0,0,1.87,10.92,0.13,1.75,0,7.69
Daboia russelii,Daboia,russelii,https://www.ncbi.nlm.nih.gov/pubmed/26342672,Sri Lanka,0,0,2,0,0.1,0,16,4.6,0,0,5.2,0,0,0,0,0,0,0,0,0,0,0,0,3.5,1.3,0,3,0,0,0,0,0,6.9,0,22.4,0,35
Daboia russelii,Daboia,russelii,https://www.ncbi.nlm.nih.gov/pubmed/27936776,West India,0,0,6.79,0,0.1,0,7.99,12.49,0,0,0.3,0,0,0,1.8,0,0,0,0,0,0,0,0,4.8,1.4,0,0.4,0,0,0,0,0,24.78,4.9,1.8,0,32.47
Daboia russelii russelii,Daboia,russelii,https://www.ncbi.nlm.nih.gov/pubmed/27265321,Pakistan,0,0,2.6,0,0,0,3.2,28.4,0,0,0.6,0,0,0,1.5,0,0,0,0,0,0,0,0,0.4,0.6,0,0.6,0,0,0,0.2,0.1,21.8,0.4,6.4,0,32.8
Dendroaspis angusticeps,Dendroaspis,angusticeps,https://www.ncbi.nlm.nih.gov/pubmed/26877184,Tanzania,0,0,2,69.2,0,0,0,16.3,0,0,0,0,0,0,0,0,0,0,0,0,0,0,0,0.1,0,0,0,0,0,0,0,4.7,6.7,0,0,0,0
Dendroaspis polylepis,Dendroaspis,polylepis,https://www.ncbi.nlm.nih.gov/pubmed/25688917,Kenya,0,0,0,31,0,0,0,61.1,0,0,0,0,0,0,0.1,2.9,0,0,0,0,0,0,0,0.3,0.1,0,0,0,0,0,0,0,3.2,0,0,0,0.1
Drysdalia coronoides,Drysdalia,coronoides,https://www.ncbi.nlm.nih.gov/pubmed/26169672,Adult,0,0,2.8,86.4,0,0,0,9.2,0,0,0,0,0,0,0,0,0,0,0,0,0,0,0,0,0,0,0,0,0,0,0,1.6,0,0,0,0,0
Echis carinatus sochureki*,Echis,carinatus,https://www.ncbi.nlm.nih.gov/pubmed/19948012,Sharjah,0,0,1.99,0,0,0,4.58,0,0,0,1.19,0,0,0,0.4,0,0,0,0,0,0,0,0,0,0,0,0,0,0,0,0,3.07,56.57,7.7,16.53,0,7.97
Echis coloratus*,Echis,coloratus*,https://www.ncbi.nlm.nih.gov/pubmed/19948012,Egypt,0,0,5.69,0,0,0,3.58,0,0,0,3.91,0,0,0,0.32,0,0,0,0,0,0,0,0,0,0,0,0,0,0,0,0,4.14,61.41,5.8,9.45,0,5.7
Echis ocellatus,Echis,ocellatus,https://www.ncbi.nlm.nih.gov/pubmed/19026773,Nigeria,0.47,1.58,1.4,0,0,0,1.86,0,0,0,1.3,0,0,0,0,0,0,0,0,0,0,0,0,0,0,0,0,0,0,0,0,0,62.47,12.66,6.52,0,11.73
Echis ocellatus*,Echis,ocellatus*,https://www.ncbi.nlm.nih.gov/pubmed/19948012,Nigeria,0,0,0.34,0,0,0,1.71,0,0,0,1.36,0,0,0,2.72,0,0,0,0,0,0,0,0,0,0,0,0,0,0,0,0,6.48,72.43,0,6.46,0,8.5
Echis pyramidium leakeyi*,Echis,pyramidium,https://www.ncbi.nlm.nih.gov/pubmed/19948012,Kenya,0,0,0,0,0,0,1.42,0,0,0,2.83,0,0,0,0.28,0,0,0,0,0,0,0,0,0,0,0,0,0,0,0,0,0.7,48.94,0,24.26,0,21.57
Gloydius brevicaudus,Gloydius,brevicaudus,https://www.ncbi.nlm.nih.gov/pubmed/24487038,Chinese adult,0,0,1.1,0,0,0,3.7,0,0,0,0.9,0,0,0,0,0,0,0,0,0,0,0,0,0,0,0,0.1,0,0,0,0,0,64.4,4.6,0.2,0,25
Gloydius brevicaudus,Gloydius,brevicaudus,https://www.ncbi.nlm.nih.gov/pubmed/24487038,Neonate,0,0,2.5,0,0,0,4.5,0,0,0,1.7,0,0,0,0,0,0,0,0,0,0,0,0,0,0,0,0,0,0,0,0,0,65.7,7.4,4.8,0,13.4
Hydrophis cyanocinctus,Hydrophis,cyanocinctus,https://www.ncbi.nlm.nih.gov/pubmed/22643073,Iran,0,0,0,0,0,0,0,0,0,0,0,0,0,0,0,0,0,0,0,0,0,0,0,0,0,0,0,0,0,0,0,0,0,0,0,81.1,18.9
Hydrophis platurus,Hydrophis,platurus,https://www.ncbi.nlm.nih.gov/pubmed/24704853,Costa Rica,0,0,9.1,49.9,0,0,0,0,0,0,0,0,0,0,0,0,0,0,0,0,0,0,0,0,0,0,0.8,0,0,0,0,1.4,0.9,0,0,0,32.9
Hydrophis schistosus,Hydrophis,schistosus,https://www.ncbi.nlm.nih.gov/pubmed/26047715,Malaysia,0,0,1.3,0,0,0,0,0,0,0,0.2,0,0,0,0,0,0,0,0,0,0,0,0,0,0,0,0,0,0,0,0,0,0.5,0,0,70.5,27.5
Lachesis acrochorda,Lachesis,acrochorda,https://www.ncbi.nlm.nih.gov/pubmed/22982523,Colombia,0,0,0.9,0,0,0,35.06,0,0,0,9.59,21.48,0,0,0.6,0,0,0,0,0,0,0,0,0,0,0,0,0,0,0,0,0,23.17,0,6.89,0,2.3
Lachesis melanocephala,Lachesis,melanocephala,https://www.ncbi.nlm.nih.gov/pubmed/22982523,Costa Rica,0,0,0,0,0,0,21,0,0,0,3.6,30.2,0,0,0.5,0,0,0,0,0,0,0,0,0,0,0,0,0,0,0,0,4.9,18.9,0,7.5,0,13.4
Lachesis muta muta,Lachesis,muta,https://www.ncbi.nlm.nih.gov/pubmed/18541473,Bolivia,0,0,1.8,0,0,0,31.2,0,0,0,2.7,14.7,0,0,0.6,0,0,0,0,0,0,0,0,0,0,0,0,0,0,0,0,0.5,31.9,0,7.9,0,8.7
Lachesis muta rhombeata,Lachesis,muta,https://www.ncbi.nlm.nih.gov/pubmed/23747394,Brazil,0,0,1.4,0,0,0,26.5,0,0,0,0.5,0,28,0,0.6,0,0,0,0,0,0,0,0,0,0,0,0,0,0,0,0,0,29.5,0,2.7,0,10.8
Lachesis stenophrys,Lachesis,stenophrys,https://www.ncbi.nlm.nih.gov/pubmed/22982523,Costa Rican adult,0,0,0,0,0,0,37,0,0,0,2.65,32.88,0,0,0.29,0,0,0,0,0,0,0,0,0,0,0,0,0,0,0,0,0,10.7,0,0,0,16.49
Lachesis stenophrys,Lachesis,stenophrys,https://www.ncbi.nlm.nih.gov/pubmed/22982523,Costa Rican adult,0,0,0,0,0,0,21.2,0,0,0,2.7,27.1,0,0,0.4,0,0,0,0,0,0,0,0,0,0,0,0,0,0,0,0,0.3,30.6,0,3.6,0,14.1
Lachesis stenophrys,Lachesis,stenophrys,https://www.ncbi.nlm.nih.gov/pubmed/22982523,Costa Rican neonate,0,0,0,0,0,0,43.8,0,0,0,0.6,37.2,0,0,1.8,0,0,0,0,0,0,0,0,0,0,0,0,0,0,0,0,0.4,4.8,0,0,0,11.4
Laticauda colubrina,Laticauda,colubrina,https://www.ncbi.nlm.nih.gov/pubmed/28688916,Indonesia,0,0,0.05,0,0,0,0,0,0,0,0,0,0,0,0,0,0,0.31,0,0,0,0,0,0,0,0,0,0,0,0,0,0.57,0,0,0,65.81,33.26
Macrovipera lebetina,Macrovipera,lebetina,https://www.ncbi.nlm.nih.gov/pubmed/16206329,Tunisia,0,0.99,0,0,0,0,8.91,0,0,0,0,0,0,0,1.98,0.99,0,0,0,0,0,0,0,0,0,0,0,0,0,0,0,0,66.34,6.930000000000001,9.9,0,3.96
Macrovipera lebetina,Macrovipera,lebetina,https://www.ncbi.nlm.nih.gov/pubmed/22387317,Tunisia,0,0.9,0,0,0,0,5.5,3.1,0,0,0,0,0,0,3.3,0.8,0,0,0,0,0,0,0,0,0,0,0,0,0,0,0,0,63.1,15.1,3.2,0,5
Macrovipera lebetina obtusa,Macrovipera,lebetina,https://www.ncbi.nlm.nih.gov/pubmed/18590992,Armenia,0,1.67,2.56,0,0,0,14.67,0,0,0,1.67,0,2.61,2.56,0,2.61,0,0,0,0,0,0,0,0,0,0,0,0,0,0,0,0,31.59,11.129999999999999,14.57,0,14.37
Macrovipera lebetina transmediterranea,Macrovipera,lebetina,https://www.ncbi.nlm.nih.gov/pubmed/18590992,Armenia,0,0.99,0,0,0,0,8.91,0,0,0,0,0,0,0.5,1.98,0.5,0,0,0,0,0,0,0,0,0,0,0,0,0,0,0,0,66.34,6.930000000000001,9.9,0,3.96
Macrovipera mauritanica,Macrovipera,mauritanica,https://www.ncbi.nlm.nih.gov/pubmed/22387317,Morocco,0,1.1,0,0,0,0,8.3,2.5,0,0,0,0,0,0,10.8,4.5,0,0,0,0,0,0,0,0,0,0,0,0,0,0,0,0,45.4,13.8,8.1,0,5.5
Micropechis ikaheka,Micropechis,ikaheka,https://www.ncbi.nlm.nih.gov/pubmed/25109465,New Guinea,0,0.3,1.8,9.18,0,0,0.1,0.7,0,0,0.4,0,0,0,0,0,0,0,0,0,0,0,0,0,0,0,0.1,0,0,0,0,0,7.29,0,0,0,79.84
Micrurus alleni,Micrurus,alleni,https://www.ncbi.nlm.nih.gov/pubmed/26325292,Costa Rica,0,0,0,77.3,0,0,0,0,0,0,3,0,0,0,0,0,0,0,0,0,0,0,0,0.1,0,0,0,0,0,0,3.9,0.6,1.2,0,1.8,0,10.9
Micrurus altirostris,Micrurus,altirostris,https://www.ncbi.nlm.nih.gov/pubmed/21515432,Brazil,0,0,0.1,79.5,0,0,0,2.1,0,0,1.2,0,0,0,0,0,0,0,0,0,0,0,0,0,0,0,0,0,0,0,0,0,0.9,0,0.1,0,13.7
Micrurus clarki,Micrurus,clarki,https://www.ncbi.nlm.nih.gov/pubmed/27164141,Costa Rica,0,0,0,48.2,0.2,0,1,0.9,0,0,3.8,0,0,0,0,0,0,0,0,0,0,0,0,0,0,0,0,0,0,0,2.4,4.1,1.6,0,1.1,0,36.5
Micrurus corallinus,Micrurus,corallinus,https://www.ncbi.nlm.nih.gov/pubmed/21515432,Brazil,0,0,0,81.7,0,0,0.8,0,0,0,2.3,0,0,0,0,0,0,0,0,0,0,0,0,0,0,0,0,0,0,0,0,0,2.4,0,0.9,0,11.9
Micrurus dumerilii,Micrurus,dumerilii,https://www.ncbi.nlm.nih.gov/pubmed/26883873,Colombia,0,0,0,28.1,0.1,0,1.9,9,0,0,3.1,0,0,0,0,2.4,0,0,0,0,0,0,0,0,0.1,0,0.1,0,0,0,0,0.2,1.8,0,1.1,0,52
Micrurus fulvius*,Micrurus,fulvius*,https://www.ncbi.nlm.nih.gov/pubmed/23915248,Florida,0,0,0,25.1,0,0,0,2.2,0,0,0,0,0,0,0,0,0,0,0,0,0,0,0,0,0,0,0,0,0,0,0,4.9,2.9,0,0,0,64.9
Micrurus mipartitus,Micrurus,mipartitus,https://www.ncbi.nlm.nih.gov/pubmed/21963438,Costa Rica,0,0,0,82.83,0,0,0,1.9,0,0,3.19,0,0,0,0,0,0,0,0,0,0,0,0,0,0,0.3,0,0,0,0,0,0,3.59,0,0,0,8.18
Micrurus mipartitus,Micrurus,mipartitus,https://www.ncbi.nlm.nih.gov/pubmed/21963438,Columbia,0,0,0,61.1,0,0,1.3,1.9,0,0,4,0,0,0,0,0,0,0,0,0,0,0,0,0,0,0,0,0,0,0,0,0,1.6,0,1.1,0,29
Micrurus mosquitensis,Micrurus,mosquitensis,https://www.ncbi.nlm.nih.gov/pubmed/26325292,Costa Rica,0,0,0,22.5,0,0,0.5,9.8,0,0,2.8,0,0,0,0,0,0,0,0,0,0,0,0,0.6,0.2,0,0.2,0,0,0,1.3,1.8,2.6,0,1.3,0,55.6
Micrurus nigrocinctus,Micrurus,nigrocinctus,https://www.ncbi.nlm.nih.gov/pubmed/21280576,Costa Rica,0,0,0,38,0,0,0.7,0,0,0,2.3,0,0,0,0,0,0,0,0,0,3.8,0,0,0,0,0,0.5,0,0,0,0,0.2,4.3,0,2.2,0,48
Micrurus tschudii,Micrurus,tschudii,https://www.ncbi.nlm.nih.gov/pubmed/27338473,Peru,0,0,0,93.7,0,0,0,1.57,0,0,0.69,0,0,0,0,0,0,0,0,0,0,0,0,0,0,0,0,0,0,0,0,0,0,0,0,0,4.04
Naja atra,Naja,atra,https://www.ncbi.nlm.nih.gov/pubmed/26924299,China,0,0,1.8,84.3,0,0,0,0,0,0,0,0,0,0,0,0,0,0,0,0,0,0,0,0.1,0,0,0,0,0,0,0,1.42e-14,1.6,0,0,0,12.2
Naja atra,Naja,atra,https://www.ncbi.nlm.nih.gov/pubmed/26196238,Taiwan,0,0,2.16,0,0,0,0,0,0,0,0.19,0,0,0,0,0,0,59.4,0,0,0,0,0,1.08,0,0,0.38,0,0,0,0,0,0.72,0,0,20.54,13.95
Naja haje legionis,Naja,haje,https://www.ncbi.nlm.nih.gov/pubmed/24269350,Marocco,0,0,10,60,0,0,0,1.9,0,0,1,0,0,0,0,0,0,0,0,0,0,0,0,5,0,1,0,0,0,0,0,8,9,0,0,0,4
Naja kaouthia,Naja,kaouthia,https://www.ncbi.nlm.nih.gov/pubmed/25748141,Thailand,0,0,0.8,0,0,0,0,0.1,0,0,0.5,0,0,0,0,0,2.99,44.72,0,0,0,0,0,1.29,0.4,0,0.2,0,0,0,0,0.4,1.59,0,0,28.38,17.33
Naja kaouthia,Naja,kaouthia,https://www.ncbi.nlm.nih.gov/pubmed/25748141,Vietnam,0,0,2.3,0,0,0,0,0,0,0,1,0,0,0,0,0.2,0.8,27.57,0,0,0,0,0,0.5,0.3,0,0.2,0,0,0,0,0.1,2.6,0,0.4,49.85,12.19
Naja kaouthia,Naja,kaouthia,https://www.ncbi.nlm.nih.gov/pubmed/25748141,Thailand,0,0,4.3,0,0,0,0,0.5,0,0,1.1,0,0,0,0,0,0.8,45.7,0,0,0,0,0,0.2,0.4,0,0.3,0,0,0,0,1.2,3.3,0,0.2,17.2,23.5
Naja kaouthia,Naja,kaouthia,https://www.ncbi.nlm.nih.gov/pubmed/25771242,Malaysia,0,0,1.7,0,0,0,0,0,0,0,0.4,0,0,0,0,1.1,0,24.3,0,0,0.6,0,0,0.3,0.4,0,0,0,0,0,0,0.8,2.4,0,0.5,53.2,13.5
Naja kaouthia,Naja,kaouthia,https://www.ncbi.nlm.nih.gov/pubmed/28263888,China,0,0,5.39,0,0,0,0,0,0,0,0,0,0,0,0,0,0.4,27.87,0,0,9.19,0,0,1,0,0,0,0,0,0,0,0,1.1,0,0,28.18,26.87
Naja katiensis,Naja,katiensis,https://www.ncbi.nlm.nih.gov/pubmed/21171584,Burkina faso,0,0,0.2,67.03,0,0,0,0,0,0,0,0,0,0,0,0,0,0,0,0,0,0,0,0,0,0,0,0,0,0,0.3,0,3.3,0,0,0,28.97
Naja melanoleuca,Naja,melanoleuca,https://www.ncbi.nlm.nih.gov/pubmed/27593527,Uganda,0,0,7.6,57.1,0,0,0,3.8,0,0,0,0,0,0,0,0,0,0,0,0,0.5,0,0,0.4,1.1,0,0,0,0,0,0,1.2,9.7,0,0.6,0,12.9
Naja mossambica,Naja,mossambica,https://www.ncbi.nlm.nih.gov/pubmed/21171584,Tanzania,0,0,0,69.3,0,0,0,0,0,0,0,0,0,0,0,0,0,0,0,0,0,0,0,0,0,0,0,0,0,0,0.4,0,2.6,0,0,0,27.1
Naja naja,Naja,naja,https://www.ncbi.nlm.nih.gov/pubmed/28062377,Sri Lanka,0,0,0,80.47,0,0,0,0,0,0,0,0,0,0,0,0,0,0,0,0,0,0,0,0.62,0,0,0,0,0,0,0,0.07,0.85,0,0,0,13.95
Naja naja,Naja,naja,https://www.ncbi.nlm.nih.gov/pubmed/26506536,North-west India,0,0,0,74.18,0,0,0,0,0,0,0,0,0,0,0,0,0,0,0,0,0,0,0,0.73,0,0,0,0,0,0,0,0.19,0.86,0,0,0,21.43
Naja naja,Naja,naja,https://www.ncbi.nlm.nih.gov/pubmed/26506536,East India,0,0,2.1,63.8,0,0,0.3,0.4,0,0,0.8,0,0,0,0,2,0,0,0,0,0,0,0,0.9,2.1,6.3,0.4,0,0,0,0,0.1,1,0,0,0,11.4
Naja nigricollis,Naja,nigricollis,https://www.ncbi.nlm.nih.gov/pubmed/21171584,Nigeria,0,0,0.2,73.3,0,0,0,0,0,0,0,0,0,0,0,0,0,0,0,0,0,0,0,0,0,0,0,0,0,0,0.2,0,2.4,0,0,0,21.9
Naja nubiae,Naja,nubiae,https://www.ncbi.nlm.nih.gov/pubmed/21171584,North Africa,0,0,0,70.9,0,0,0,0,0,0,0,0,0,0,0,0,0,0,0,0,0,0,0,0,0,0,0,0,0,0,0.1,0,2.6,0,0,0,26.4
Naja pallida,Naja,pallida,https://www.ncbi.nlm.nih.gov/pubmed/21171584,Kenya,0,0,0,67.63,0,0,0,0,0,0,0,0,0,0,0,0,0,0,0,0,0,0,0,0,0,0,0,0,0,0,0.6,0,1.6,0,0,0,30.07
Naja sputatrix,Naja,sputatrix,https://www.ncbi.nlm.nih.gov/pubmed/28159706,Java Island,0,0,0,0,0.02,0,0.42,0.24,0,0,0.08,0,0,0,0,0,5.51,48.08,0,0,0,0,0,1.82,0.08,0.04,0.1,0,0,0,0,0,1.33,0,0,10.629999999999999,31.24
Notechis scutatus,Notechis,scutatus,https://www.ncbi.nlm.nih.gov/pubmed/27282922,Australia,0,0,0.4,0,0,0,6.9,4.8,0,0,2,0,0,0,0,5.9,0,0,0,0,0,0,0,1.4,0,1.4,1.4,0,0,0,0,5.8,0,0,0,0,69.69999999999999
Ophiophagus hannah,Ophiophagus,hannah,https://www.ncbi.nlm.nih.gov/pubmed/25896403,Indonesia,0,0,6.48,0,0,0,0,3.29,0,0,0.5,0,0,0,0,0.2,4.69,17.65,0,0,1.1,0.1,0,0,0,0,0,0,0,0,0,0,11.86,0,0,50.65,2.79
Oxyuranus scutellatus canni,Oxyuranus,scutellatus,https://www.ncbi.nlm.nih.gov/pubmed/22266484,Papua New Guinea,0,0,0.8,4.19,0,0,0,12.97,0,0,0,0,0,0,0,1.9,0,0,0,0,0,0,0,0,0,0,0,0,0,0,0,0,8.88,0,0.6,0,68.16
Oxyuranus scutellatus scutellatus,Oxyuranus,scutellatus,https://www.ncbi.nlm.nih.gov/pubmed/22266484,Australia,0,0,0.6,1.5,0,0,0.6,7.8,0,0,0,0,0,0,0,0,0,0,0,0,0,0,0,0,0,0,0,0,0,0,3.6,0,5.2,0,0,0,79.4
Pelamis platura,Pelamis,platura,https://www.ncbi.nlm.nih.gov/pubmed/24704853,Costa Rican Golfo de Papagayo,0,0,9.1,49.9,0,0,0,0,0,0,0,0,0,0,0,0,0,0,0,0,0,0,0,0,0,0,0.8,0,0,0,1.4,0,0.9,0,0,0,32.9
Porthidium lansbergii lansbergii,Porthidium,lansbergii,https://www.ncbi.nlm.nih.gov/pubmed/25496801,Colombia,0,0,1.4,0,0.7,0,4.5,0,0,0,3.6,0,0,0,2.2,0,0,0,0,0,0,0,0,0,0.3,0,0.4,0,0,0,12.4,3.2,35.5,12.9,6.7,0,16.2
Porthidium nasutum,Porthidium,nasutum,https://www.ncbi.nlm.nih.gov/pubmed/22212456,Costa rica,0,0,1.3,0,0,0,9.6,0,0,0,3,0,1.9,0,0,0,0,0,0,0,0,0,0,0,0,0,0.2,0,0,0,0,0,52.1,9.9,10.4,0,11.6
Porthidium ophryomegas,Porthidium,ophryomegas,https://www.ncbi.nlm.nih.gov/pubmed/22212456,Costa rica,0,0,0.6,0,0,0,7.3,0,0,0,3.3,0,4.2,0,0,0,0,0,0,0,0,0,0,0,0,0,0,0,0,0,1.4,0,45,16.7,8,0,13.5
Protobothrops flavoviridis*,Protobothrops,flavoviridis*,https://www.ncbi.nlm.nih.gov/pubmed/26315097,Japan,0,0,2,0,0,0,11.8,0,0,0,3.1,0,0,0,0,2.6,0,0,0,0,0,0,0,0,0,0,0,0,0,0,0,6.8,17.3,0,0.9,0,55.5
Protobothrops mucrosquamatus,Protobothrops,mucrosquamatus,https://www.ncbi.nlm.nih.gov/pubmed/22906718,Taiwan,3.3,0,0.8,0,0,0,10.4,0,0,0,2,0,3.6,0,0,0,0,0,0,0,0,0,0,0,0,0,0,0,0,0,0,3.1,43.400000000000006,0.8,3.9,0,23.5
Pseudechis australis,Pseudechis,australis,https://www.ncbi.nlm.nih.gov/pubmed/21417486,Pooled,0,0,0,0,0,0,0,0,0,0,20,0,0,0,0,0,0,0,0,0,0,0,0,2.5,0,0,2.5,0,0,0,0,0,53,0,0,0,18.5
Pseudechis papuanus,Pseudechis,papuanus,https://www.ncbi.nlm.nih.gov/pubmed/27650695,Saibai Island,0,0,2.3,3.1,0,0,0,0,0,0,1.6,0,0,0,0,0,0,0,0,0,0,0,0,0,0,0,0,0,0,0,0,0,2.8,0,0,0,90.2
Sistrurus catenatus catenatus,Sistrurus,catenatus,https://www.ncbi.nlm.nih.gov/pubmed/16944921,Ohio,0,0.1,0.8,0,0,0,18.18,0,0,0,4.2,0,0,0,0,0,0,0,0.4,0,0,0,0,0.1,0,0,0,0,0,0,0,0,43.76,2.5,0.1,0,29.87
Sistrurus catenatus edwardsii,Sistrurus,catenatus,https://www.ncbi.nlm.nih.gov/pubmed/16944921,Colorado,0,0.1,10.56,0,0,0,24.09,0.1,0,0,2.47,0,0.1,0,0,0,0,0,0,0,0,0,0,0.1,0,0,0,0,0,0,0,0,47.98,0.89,0.1,0,13.52
Sistrurus catenatus tergeminus,Sistrurus,catenatus,https://www.ncbi.nlm.nih.gov/pubmed/16944921,Kansas,0,0.1,1.3,0,0,0,20.38,0,0,0,1.6,0,0,0,0,0,0,0,0.1,0,0,0,0,0.1,0,0,0,0,0,0,0,0,40.56,4.2,0.1,0,31.57
Sistrurus miliarius barbouri,Sistrurus,miliarius,https://www.ncbi.nlm.nih.gov/pubmed/16944921,Forida,0,1.3,2.9,0,0,0,17.08,0.1,0,0,2.1,0,0.1,0,0,0,0,0,0,0,0,0,0,0.1,0,0,0,0,0,0,0,0,36.06,7.69,0.1,0,32.47
Toxicocalamus longissimus,Toxicocalamus,longissimus,https://www.ncbi.nlm.nih.gov/pubmed/22643073,Woodlark island,0,0,0,92.1,0,0,0,0,0,0,0,0,0,0,0,0,0,0,0,0,0,0,0,0,0,0,0,0,0,0,0,0,1.4,0,0,0,6.5
Trimeresurus stejnegeri,Trimeresurus,stejnegeri,https://www.ncbi.nlm.nih.gov/pubmed/22906718,Taiwan,2.85,0,5.51,0,0,0,10.11,0,0,0,3.03,0,1.1,0,0.83,4.14,0,0,0,0,0,0,0,0,0,0,0,0,0,0,0,0,39.61,2.02,1.38,0,22.52
Vipera berus berus,Vipera,berus,https://www.ncbi.nlm.nih.gov/pubmed/27327134,Croatia,4,0,8,0,0,0,31,0.07,0,0,2,0,0,0,0,11,0,0,0,0,0,0,0,0,0,0,0,0,0,0,0,11.81,19,1,2,0,10
Vipera kaznakovi,Vipera,kaznakovi,https://www.ncbi.nlm.nih.gov/pubmed/27077884,Russia,0,0,10,0,0.32,0,11,0,0,0,4,0,0,0,4,0,0,0,0,0,0,0,0,0.14,0,0,0.21,0,0,0,0.49,0.13,16,0.53,12,0,41
Vipera nikolskii,Vipera,nikolskii,https://www.ncbi.nlm.nih.gov/pubmed/27077884,Russia,0,0,0.66,0,0.12,0,18.92,0.66,0,0,0.08,0,0.01,0,7.97,0,0,0,0,0,0,0,0,0.33,0,0,0.88,0,0,0,0.17,0,0.66,0,3.98,0,64.74
Vipera orlovi,Vipera,orlovi,https://www.ncbi.nlm.nih.gov/pubmed/27077884,Russia,0,0,12,0,0.52,0,24,0.15,0,0,5,0,0,0,4,0,0,0,0,0,0,0,0,0.25,0,0,2,0,0,0,0.95,0.26,15,0.56,11,0,24
Vipera raddei,Vipera,raddei,https://www.ncbi.nlm.nih.gov/pubmed/18590992,Armenia,0,0.1,7.39,0,0,0,8.39,0.9,0,0,0.2,0,3,0,2.4,3,0,0,0,0,0,0,0,0,0,0,0,0,0,0,0,0,31.560000000000002,9.69,9.59,0,23.78
Vipera renardii,Vipera,renardii,https://www.ncbi.nlm.nih.gov/pubmed/27077884,Russia,0,0,8,0,0.54,0,8,0.79,0,0,4,0,0,0,3,0,0,0,0,0,0,0,0,0.12,0,0,0.47,0,0,0,2,0.69,12,13,3,0,44
